OPIS Truckstop ID,Truckstop Name,Address,City,State,Rack ID,Retail Price,Latitude,Longitude,Geocoding Status,Geocoding Query
7,WOODSHED OF BIG CABIN,"I-44, EXIT 283 & US-69",Big Cabin,OK,307,3.00733333,36.5378651,-95.221358,success,"WOODSHED OF BIG CABIN, Big Cabin, OK, USA"
9,KWIK TRIP #796,"I-94, EXIT 143 & US-12 & SR-21",Tomah,WI,420,3.28733333,44.0188735,-90.5025628,success,"KWIK TRIP #796, Tomah, WI, USA"
20,PILOT TRAVEL CENTER #1243,"I-8, EXIT 119 & SR-85",Gila Bend,AZ,930,3.899,32.9303784,-112.6731472,success,"PILOT TRAVEL CENTER #1243, Gila Bend, AZ, USA"
28,LITTLEFIELD EXPRESS #2,"I-540, EXIT 12 & US-71",Fort Smith,AR,645,3.399,35.314474,-94.401468,success,"LITTLEFIELD EXPRESS #2, Fort Smith, AR, USA"
35,ACI TRUCK STOP,US-46,Columbia,NJ,90,3.079,40.9262077,-75.0926763,success,"ACI TRUCK STOP, Columbia, NJ, USA"
36,SHENANDOAH TRUCK CENTER,"I-81, EXIT 273 & SR-703/SR-292",Mount Jackson,VA,60,2.899,38.7459482,-78.6422377,success,"SHENANDOAH TRUCK CENTER, Mount Jackson, VA, USA"
44,CIRCLE K #2612042,"I-35,  EXIT 271",Jarrell,TX,595,2.919,30.7748123,-97.6274636,success,"CIRCLE K #2612042, Jarrell, TX, USA"
46,PETRO STOPPING CENTER #348,"I-85,  EXIT 22 & CR-138",Shorter,AL,720,3.154,32.3948615,-85.916902,success,"PETRO STOPPING CENTER #348, Shorter, AL, USA"
49,TA SEYMOUR TRAVEL CENTER,"I-65, EXIT 50 & US-50 & US-31",Seymour,IN,415,3.959,38.9592201,-85.8902547,success,"TA SEYMOUR TRAVEL CENTER, Seymour, IN, USA"
50,TA COUNCIL BLUFFS TRAVEL CENTER,"I-29 & I-80, EXIT 3",Council Bluffs,IA,319,3.72566666,41.179959,-95.838548,success,"TA COUNCIL BLUFFS TRAVEL CENTER, Council Bluffs, IA, USA"
56,TOPS TRUCK STOP,"I-94, EXIT 182 & US-83",Sterling,ND,390,3.51566666,46.813878,-100.2915,success,"TOPS TRUCK STOP, Sterling, ND, USA"
75,Good 2 Go #709,US-50,Montrose,CO,810,3.424,38.4781927,-107.876277,success,"Good 2 Go #709, Montrose, CO, USA"
77,OASIS TRAVEL PLAZA,US-13,Laurel,DE,243,3.229,38.5565041,-75.5713141,success,"OASIS TRAVEL PLAZA, Laurel, DE, USA"
79,DELAWARE TRUCK PLAZA,US-13 & US-40,New Castle,DE,243,3.249,39.6620572,-75.5663132,success,"DELAWARE TRUCK PLAZA, New Castle, DE, USA"
81,One9 #89,"I-75, EXIT 224",Ellenton,FL,225,3.439,27.528321,-82.512192,success,"One9 #89, Ellenton, FL, USA"
85,DOWNIEVILLE FUEL STOP,"I-70, EXIT 234",Dumont,CO,800,3.459,39.7646887,-105.600337,success,"DOWNIEVILLE FUEL STOP, Dumont, CO, USA"
91,MOLLYS FOOD & FUEL,"I-20 & ST 22, EXIT 55",Crawfordville,GA,135,3.499,33.5539938,-82.8961899,success,"MOLLYS FOOD & FUEL, Crawfordville, GA, USA"
105,TA SAGINAW I 75 TRAVEL CENTER,"I-75, EXIT 144-B",Bridgeport,MI,260,3.269,43.3594696,-83.8816364,success,"TA SAGINAW I 75 TRAVEL CENTER, Bridgeport, MI, USA"
118,Lupton Truck Stop #567,"I-40, EXIT 359",Lupton,AZ,580,3.299,35.3539127,-109.053701,success,"Lupton Truck Stop #567, Lupton, AZ, USA"
121,PETRO STOPPING CENTER #306,"I-10, EXIT 200",Eloy,AZ,930,3.474,32.7551703,-111.553493,success,"PETRO STOPPING CENTER #306, Eloy, AZ, USA"
127,CIRCLE K #4700095,US-41,Henderson,KY,340,3.609,37.8027001,-87.639848,success,"CIRCLE K #4700095, Henderson, KY, USA"
128,THE EFFINGHAM CHROME SHOP,"I-57 & I-70, EXIT 159",Effingham,IL,510,3.399,39.1201433,-88.54348,success,"THE EFFINGHAM CHROME SHOP, Effingham, IL, USA"
135,LOVES TRAVEL STOP #766,"I-80, EXIT 27",Atkinson,IL,290,3.589,41.41047,-90.017589,success,"LOVES TRAVEL STOP #766, Atkinson, IL, USA"
147,SPEEDWAY #8039,"I-69, EXIT 234 & SR-67",Daleville,IN,375,3.624,40.1133374,-85.5726001,success,"SPEEDWAY #8039, Daleville, IN, USA"
149,RAYS TRUCK WASH,"I-69, EXIT 309 & US-30",Fort Wayne,IN,370,3.59233333,41.0799898,-85.1386015,success,"RAYS TRUCK WASH, Fort Wayne, IN, USA"
151,CUBBYS #2101,"I-80, EXIT 211 & SR-47",Gothenburg,NE,475,3.13233333,40.9277324,-100.1619896,success,"CUBBYS #2101, Gothenburg, NE, USA"
159,PILOT TRAVEL CENTER #87,"I-10, EXIT 343",Jacksonville,FL,75,3.859,30.371278,-81.764179,success,"PILOT TRAVEL CENTER #87, Jacksonville, FL, USA"
160,PILOT TRAVEL CENTERS #79,"I-12, EXIT 10 AT MILE 10",Denham Springs,LA,600,3.23233333,30.4868564,-90.9562125,success,"PILOT TRAVEL CENTERS #79, Denham Springs, LA, USA"
164,FLYING J TRAVEL PLAZA #650,"I-94, EXIT 15 B",Lake Station,IN,365,3.809,41.5750369,-87.2389246,success,"FLYING J TRAVEL PLAZA #650, Lake Station, IN, USA"
167,FLYING J TRAVEL PLAZA #653,RT 2 & I-65 EXIT 240,Hebron,IN,365,3.43566666,41.3186482,-87.2003091,success,"FLYING J TRAVEL PLAZA #653, Hebron, IN, USA"
174,Hop-In Food Stores,US-59 & SR-224,Nacogdoches,TX,618,2.859,31.6037322,-94.6559702,success,"Hop-In Food Stores, Nacogdoches, TX, USA"
184,SAPP BROS TRAVEL CENTER,"I-29 & I-80, EXIT 1B",Council Bluffs,IA,486,3.719,41.2357873,-95.8806938,success,"SAPP BROS TRAVEL CENTER, Council Bluffs, IA, USA"
186,COFFEE CUP FUEL STOP #5,"I-90, EXIT 154 & US-16",Moorcroft,WY,822,3.239,44.2639657,-104.9444663,success,"COFFEE CUP FUEL STOP #5, Moorcroft, WY, USA"
187,DUDLEYS CORNER,"I-35, EXIT 165 & SR-3",Latimer,IA,433,3.23233333,42.7464015,-93.3926707,success,"DUDLEYS CORNER, Latimer, IA, USA"
191,KUM & GO #0302,"I-35, EXIT 193 & SR 106",Clear Lake,IA,433,3.18566666,43.1329662,-93.3530089,success,"KUM & GO #0302, Clear Lake, IA, USA"
192,Brew Stuart Truckstop,"I-80, EXIT 93",Stuart,IA,320,3.099,41.5033213,-94.3185737,success,"Brew Stuart Truckstop, Stuart, IA, USA"
195,PETRO STOPPING CENTER #311,"I-40 & I-55, EXIT 280",West Memphis,AR,435,3.36733333,35.1464797,-90.1845388,success,"PETRO STOPPING CENTER #311, West Memphis, AR, USA"
198,SINCLAIR,"I-76, EXIT 115",Atwood,CO,800,3.299,40.5477619,-103.2696575,success,"SINCLAIR, Atwood, CO, USA"
199,PETRO STOPPING CENTER #366,"I-70, EXIT 252",Salina,KS,523,3.80566666,38.8402805,-97.6114237,success,"PETRO STOPPING CENTER #366, Salina, KS, USA"
203,PILOT TRAVEL CENTER #31,"I-80/94, EXIT 2",Highland,IN,365,3.829,41.5674053,-87.4727824,success,"PILOT TRAVEL CENTER #31, Highland, IN, USA"
207,MARATHON,SR-32,Sardinia,OH,300,3.56566666,39.014667,-83.8096433,success,"MARATHON, Sardinia, OH, USA"
216,CIRCLE K #2721593,"I-10, EXIT 50",Ocean Springs,MS,715,3.41566666,30.4017217,-88.7186578,success,"CIRCLE K #2721593, Ocean Springs, MS, USA"
217,NORTH 9TH 24/7,"I-70, EXIT 252",Salina,KS,523,3.02566666,38.8505165,-97.6124575,success,"NORTH 9TH 24/7, Salina, KS, USA"
231,DERBY CITYS TRUCK PLAZA,"I-75, EXIT 62 & US-25",Mount Vernon,KY,410,2.999,37.3529436,-84.3404195,success,"DERBY CITYS TRUCK PLAZA, Mount Vernon, KY, USA"
235,PILOT TRAVEL CENTERS #92,"I-75, EXIT 358",Ocala,FL,225,3.359,29.1871986,-82.1400923,success,"PILOT TRAVEL CENTERS #92, Ocala, FL, USA"
240,LA 1 SOUTH TRUCKSTOP,"I-10, EXIT 153 & SR-1",Port Allen,LA,600,3.039,30.45335,-91.2100569,success,"LA 1 SOUTH TRUCKSTOP, Port Allen, LA, USA"
243,SAVE,US-41 & SR-10,Lake Village,IN,399,3.179,41.1375346,-87.4486437,success,"SAVE, Lake Village, IN, USA"
244,BIG D TRUCK TRAVEL PLAZA,"I-10, EXIT 92 & SR-95",Duson,LA,725,2.98233333,30.2378751,-92.1801925,success,"BIG D TRUCK TRAVEL PLAZA, Duson, LA, USA"
248,Mardi Gras Truck Stop,"I-10, EXIT 236",New Orleans,LA,725,3.729,29.9826753,-90.0574941,success,"Mardi Gras Truck Stop, New Orleans, LA, USA"
250,GOLDEN OX TRUCK STOP,"I-70/US-40, EXIT 159 & US-183",Hays,KS,523,3.499,38.8960048,-99.317084,success,"GOLDEN OX TRUCK STOP, Hays, KS, USA"
253,LOVES TRAVEL STOP #450,"I-40, EXIT 280 & I-55, EXIT 4",West Memphis,AR,435,3.32566666,35.1541671,-90.1390773,success,"LOVES TRAVEL STOP #450, West Memphis, AR, USA"
256,BFS FOODS #66,"I-68/US-40, EXIT 22 & US-219",Grantsville,MD,165,3.899,39.6991282,-79.1577212,success,"BFS FOODS #66, Grantsville, MD, USA"
257,PILOT TRAVEL CENTER #917- TOWN PUMP,I-15 & 31ST STREET EXIT 277,Great Falls,MT,815,3.63566666,47.470664,-111.358248,success,"PILOT TRAVEL CENTER #917- TOWN PUMP, Great Falls, MT, USA"
263,CASEYS #3956,I-94 EXIT 16,Bridgman,MI,465,3.559,41.9315671,-86.5698605,success,"CASEYS #3956, Bridgman, MI, USA"
267,CORNER MARKET #117,SR-154 & SR-129,Dodge City,KS,357,3.399,37.7527982,-100.0170787,success,"CORNER MARKET #117, Dodge City, KS, USA"
269,PILOT TRAVEL CENTERS #24,"I-75, EXIT 15",Monroe,MI,325,3.299,41.9145037,-83.3968252,success,"PILOT TRAVEL CENTERS #24, Monroe, MI, USA"
278,CARLISLE PLAZA,US-41,Carlisle,IN,510,3.499,38.9550726,-87.406219,success,"CARLISLE PLAZA, Carlisle, IN, USA"
281,CIRCLE K #4700065,"I-65, EXIT 76 & US-31",Taylorsville,IN,375,3.399,39.2961392,-85.9581485,success,"CIRCLE K #4700065, Taylorsville, IN, USA"
289,LOVES TRAVEL STOP #173,"I-70, MM 209",Lawrence,KS,553,3.229,38.9719137,-95.2359403,success,"LOVES TRAVEL STOP #173, Lawrence, KS, USA"
292,PETES #56,US-169 & CR-5000,Cherryvale,KS,307,3.23233333,37.270344,-95.5524788,success,"PETES #56, Cherryvale, KS, USA"
293,LOVES TRAVEL STOP #176,"I-35, MILE MARKER 97",Matfield Green,KS,336,3.25566666,38.1591843,-96.5605664,success,"LOVES TRAVEL STOP #176, Matfield Green, KS, USA"
304,FL Roberts,"I-91, EXIT 4",Springfield,MA,100,3.599,42.1018764,-72.5886727,success,"FL Roberts, Springfield, MA, USA"
309,QUIKTRIP #231,"I-635, EXIT 3",Kansas City,KS,400,3.199,39.0716812,-94.6070718,success,"QUIKTRIP #231, Kansas City, KS, USA"
323,SAPP BROS TRAVEL CENTER,"I-80, EXIT 126",Ogallala,NE,475,3.46566666,41.1248328,-101.7189583,success,"SAPP BROS TRAVEL CENTER, Ogallala, NE, USA"
326,FLYING J TRAVEL PLAZA #748,"I-15, EXIT 357",Willard,UT,835,3.749,41.4085496,-112.03819,success,"FLYING J TRAVEL PLAZA #748, Willard, UT, USA"
341,TA JACKSONVILLE SOUTH TRAVEL CENTER,"I-95, EXIT 329",Saint Johns,FL,75,3.469,30.065952,-81.494152,success,"TA JACKSONVILLE SOUTH TRAVEL CENTER, Saint Johns, FL, USA"
347,7-ELEVEN #40514,I-90/80-IN TOLL RD MM 22E,Portage,IN,365,3.99066666,41.5758708,-87.1761455,success,"7-ELEVEN #40514, Portage, IN, USA"
358,TA BINGHAMTON TRAVELCENTER,"I-81N, EXIT 2W & I-81S, EXIT 3",Binghamton,NY,32,3.769,42.098698,-75.9125187,success,"TA BINGHAMTON TRAVELCENTER, Binghamton, NY, USA"
361,CIRCLE K #2726293,"I-295, EXIT 25",Jacksonville,FL,75,3.31566666,30.195665,-81.550918,success,"CIRCLE K #2726293, Jacksonville, FL, USA"
368,WILTON TRAVEL PLAZA,"I-87, EXIT 16",Gansevoort,NY,12,3.749,43.1962051,-73.6513967,success,"WILTON TRAVEL PLAZA, Gansevoort, NY, USA"
372,GAS DEPOT,"I-94, EXIT 5",Hammond,IN,365,3.999,41.6173959,-87.5220108,success,"GAS DEPOT, Hammond, IN, USA"
381,7-Eleven #41830,US-69 & US-135,Jacksonville,TX,630,2.91566666,31.9377324,-95.2504228,success,"7-Eleven #41830, Jacksonville, TX, USA"
387,Circle K #2709664,"I-8, EXIT 12",Yuma,AZ,930,3.489,32.6805632,-114.5219584,success,"Circle K #2709664, Yuma, AZ, USA"
388,Pilot Travel Centers #14,"I-71, EXIT 131",Sunbury,OH,315,3.719,40.2425623,-82.8590673,success,"Pilot Travel Centers #14, Sunbury, OH, USA"
391,PILOT TRAVEL CENTERS #13,"I-71, EXIT 209",Seville,OH,305,3.699,41.010077,-81.8622222,success,"PILOT TRAVEL CENTERS #13, Seville, OH, USA"
403,TRUCKOMAT OF HEBRON,"I-70, EXIT 126 & SR-37",Hebron,OH,315,3.429,39.9617305,-82.4912676,success,"TRUCKOMAT OF HEBRON, Hebron, OH, USA"
407,FUEL MART #641,"I-80 & I-280, EXIT 71",Perrysburg,OH,550,3.499,41.5571178,-83.6279321,success,"FUEL MART #641, Perrysburg, OH, USA"
421,PETRO STOPPING CENTER #316,"I-40 & I-35, EXIT 127",Oklahoma City,OK,483,3.30233333,35.4729886,-97.5170536,success,"PETRO STOPPING CENTER #316, Oklahoma City, OK, USA"
424,E EXPRESS,"I-40, EXIT 166",Choctaw,OK,483,2.899,35.4975654,-97.2689263,success,"E EXPRESS, Choctaw, OK, USA"
425,Neighbors Express,"I-16, EXIT 51",Dublin,GA,85,3.299,32.5404447,-82.903754,success,"Neighbors Express, Dublin, GA, USA"
442,WESTERN COOP,US-385 & SR-2,Alliance,NE,795,3.324,42.0971897,-102.8707145,success,"WESTERN COOP, Alliance, NE, USA"
455,MR FUEL #753,"I-95, EXIT 104 & SR-207",Ruther Glen,VA,180,3.26566666,37.9398853,-77.4661447,success,"MR FUEL #753, Ruther Glen, VA, USA"
456,THE COUNTRY OASIS,US-24,Woodburn,IN,370,3.399,41.1253271,-84.8532963,success,"THE COUNTRY OASIS, Woodburn, IN, USA"
458,HAPPY HILLS GAS & COFFEE,I-29 EXIT 110,Rock Port,MO,400,3.399,40.4111122,-95.5169286,success,"HAPPY HILLS GAS & COFFEE, Rock Port, MO, USA"
460,TRUCK STOP 44,I-20 EXIT 44,Gilbert,SC,135,3.079,33.9243121,-81.3937132,success,"TRUCK STOP 44, Gilbert, SC, USA"
461,SPINX #271,"I-26, EXIT 145 & US-601",Orangeburg,SC,42,3.26233333,33.4918203,-80.8556476,success,"SPINX #271, Orangeburg, SC, USA"
469,LOAF N JUG #750010,US-160 & SR-17,Alamosa,CO,803,3.259,37.473604,-105.856744,success,"LOAF N JUG #750010, Alamosa, CO, USA"
474,KEWANEE 1 STOP,"I-20, EXIT 169 & US-80",Toomsuba,MS,705,3.299,32.4256352,-88.4480423,success,"KEWANEE 1 STOP, Toomsuba, MS, USA"
478,GASTRAK OF PEMBINA,"I-29, EXIT 215",Pembina,ND,355,3.299,48.96913,-97.248351,success,"GASTRAK OF PEMBINA, Pembina, ND, USA"
483,ALLSUPS #2387,US-54/SR-136/SR-3 & US-64,Guymon,OK,585,2.97566666,36.6814131,-101.4814241,success,"ALLSUPS #2387, Guymon, OK, USA"
486,LA NORIA CONV STORES,"I-35 N, EXIT 4",Laredo,TX,693,3.299,27.5079211,-99.5069834,success,"LA NORIA CONV STORES, Laredo, TX, USA"
489,EDDIES CORNER,US-87 & US-191,Moore,MT,815,3.749,46.9833002,-109.7454653,success,"EDDIES CORNER, Moore, MT, USA"
491,One9 #403,"I-75, EXIT 117",Heiskell,TN,405,2.999,36.111125,-84.020594,success,"One9 #403, Heiskell, TN, USA"
496,PILOT TRAVEL CENTERS #270,"I-40 & I-75, EXIT 374",Knoxville,TN,405,3.439,35.9603948,-83.9210261,success,"PILOT TRAVEL CENTERS #270, Knoxville, TN, USA"
509,LOVES TRAVEL STOPS #256,"I-10, EXIT 140B",Van Horn,TX,640,3.649,31.0402354,-104.8193087,success,"LOVES TRAVEL STOPS #256, Van Horn, TX, USA"
522,GO MART FOOD STORE #57,"I-70 & ST-285, EXIT 186",Lore City,OH,430,3.179,39.9847938,-81.4584523,success,"GO MART FOOD STORE #57, Lore City, OH, USA"
523,CIRCLE K #2723322,"I-985, EXIT 20 & SR-60",Gainesville,GA,18,3.26566666,34.262885,-83.816288,success,"CIRCLE K #2723322, Gainesville, GA, USA"
525,FASTBREAK,US-45 ALT,West Point,MS,705,3.059,33.6076186,-88.6503255,success,"FASTBREAK, West Point, MS, USA"
546,PLAZA 30,US-30,Wanatah,IN,365,3.499,41.434412,-86.8921873,success,"PLAZA 30, Wanatah, IN, USA"
557,SAPP BROS TRAVEL CENTER,"I-80, EXIT 73",Peru,IL,290,3.389,41.3668441,-89.1524756,success,"SAPP BROS TRAVEL CENTER, Peru, IL, USA"
559,SHELL MORGAN ROAD TRUCK STOP,"I-40, EXIT 142",Maumelle,AR,695,3.20733333,34.856613,-92.4056858,success,"SHELL MORGAN ROAD TRUCK STOP, Maumelle, AR, USA"
566,TA GARY TRAVEL CENTER,"I-80/I-94, EXIT 6",Gary,IN,365,3.83066666,41.6020962,-87.3370646,success,"TA GARY TRAVEL CENTER, Gary, IN, USA"
567,TA ELOY TRAVEL CENTER,"I-10 & I-8, EXIT 203",Eloy,AZ,930,3.459,32.7551703,-111.553493,success,"TA ELOY TRAVEL CENTER, Eloy, AZ, USA"
572,PILOT TRAVEL CENTER #881,"I-69, EXIT 309A",Fort Wayne,IN,370,3.899,41.0799898,-85.1386015,success,"PILOT TRAVEL CENTER #881, Fort Wayne, IN, USA"
576,PETRO STOPPING CENTER #343,"I-10, EXIT 76",Egan,LA,600,3.624,30.2368713,-92.505969,success,"PETRO STOPPING CENTER #343, Egan, LA, USA"
578,LOVES TRAVEL STOP #449,"I-84, EXIT 17",Troutdale,OR,935,3.779,45.543283,-122.392093,success,"LOVES TRAVEL STOP #449, Troutdale, OR, USA"
579,FLYING J TRAVEL PLAZA #764,"I-80, EXIT 104 & US-191",Rock Springs,WY,835,3.67066666,41.5860557,-109.2194544,success,"FLYING J TRAVEL PLAZA #764, Rock Springs, WY, USA"
586,AMERISTAR TRAVEL PLAZA #120,"I-82, EXIT 80",Prosser,WA,925,4.399,46.2067583,-119.76916,success,"AMERISTAR TRAVEL PLAZA #120, Prosser, WA, USA"
588,TA TUSCALOOSA TRAVEL CENTER,"I-20/I-59, EXIT 77",Cottondale,AL,615,2.964,33.1895629,-87.4516703,success,"TA TUSCALOOSA TRAVEL CENTER, Cottondale, AL, USA"
591,TA Concordia Travel Plaza,"I-70, EXIT 58 & SR-23",Concordia,MO,400,3.22566666,38.9824542,-93.5685013,success,"TA Concordia Travel Plaza, Concordia, MO, USA"
599,Sapp Bros Travel Center,"I-80, EXIT 59 & SR-17J",Sidney,NE,475,3.50066666,41.117991,-102.9501,success,"Sapp Bros Travel Center, Sidney, NE, USA"
602,JIFFY MART EXIT 18 TRUCK STOP,"I-89/SR-120, EXIT 18 & SR-120",Lebanon,NH,12,3.599,43.643032,-72.251587,success,"JIFFY MART EXIT 18 TRUCK STOP, Lebanon, NH, USA"
614,TA MAYBROOK TRAVEL CENTER,"I-84, EXIT 5",Montgomery,NY,120,4.359,41.5042338,-74.2207055,success,"TA MAYBROOK TRAVEL CENTER, Montgomery, NY, USA"
628,KWIK FILL #227,"I-90,  EXIT 218",Geneva,OH,305,3.15233333,41.8052539,-80.9476206,success,"KWIK FILL #227, Geneva, OH, USA"
629,FLYING J #850,TCH-16,Edmonton,AB,80,4.39948962,34.8172201,-118.8867322,success,"FLYING J #850, Edmonton, AB, USA"
636,UNION 76,"I-5, EXIT 233 E",Albany,OR,935,3.379,42.6511674,-73.754968,success,"UNION 76, Albany, OR, USA"
651,ONE9 #1366,"I-40, EXIT 126 & US-641",Holladay,TN,460,2.98566666,35.842931,-88.084467,success,"ONE9 #1366, Holladay, TN, USA"
652,TA KNOXVILLE EAST TRAVEL CENTER,"I-40 & I-75, EXIT 374",Knoxville,TN,405,3.42566666,35.9603948,-83.9210261,success,"TA KNOXVILLE EAST TRAVEL CENTER, Knoxville, TN, USA"
659,FLYING J #869,HWY 2 SOUTH,Nanton,AB,50,4.39948962,34.8172201,-118.8867322,success,"FLYING J #869, Nanton, AB, USA"
669,PETRO STOPPING CENTER #350,"I-10,  EXIT 4",Canutillo,TX,640,3.499,31.9124684,-106.598098,success,"PETRO STOPPING CENTER #350, Canutillo, TX, USA"
672,CROWN POINT TRUCK STOP,"I-295/US-130,EXIT 22",Thorofare,NJ,150,3.549,39.8423355,-75.1962913,success,"CROWN POINT TRUCK STOP, Thorofare, NJ, USA"
680,TA EXPRESS SUMMIT,"I-29, EXIT 207 & US-12",Summit,SD,566,3.20566666,45.304406,-97.036466,success,"TA EXPRESS SUMMIT, Summit, SD, USA"
684,7-ELEVEN #35101,"I-86/SR-17, EXIT 16",Randolph,NY,38,4.499,42.1586854,-78.9910608,success,"7-ELEVEN #35101, Randolph, NY, USA"
689,FLYING EAGLE,"I-235, EXIT 4",Wichita,KS,570,3.499,37.6922361,-97.3375448,success,"FLYING EAGLE, Wichita, KS, USA"
692,BP,US-63,Ottumwa,IA,489,3.399,41.0273038,-92.4017557,success,"BP, Ottumwa, IA, USA"
739,Arco #364420,US-23,Greenup,KY,255,3.649,38.5779669,-82.8367118,success,"Arco #364420, Greenup, KY, USA"
748,QUIKTRIP #4231,US-85,Evans,CO,800,3.17233333,40.3855784,-104.68842,success,"QUIKTRIP #4231, Evans, CO, USA"
769,AYERCO #26,US-61/US-136,Alexandria,MO,345,3.01566666,40.3594887,-91.455432,success,"AYERCO #26, Alexandria, MO, USA"
815,Kwik Trip #1508,"US-18/SR-151, EXIT 58",Barneveld,WI,420,3.489,43.0085692,-89.9011407,success,"Kwik Trip #1508, Barneveld, WI, USA"
855,SPEEDWAY #7459,US-41 & SR-137,North Chicago,IL,293,3.379,42.307403,-87.8770185,success,"SPEEDWAY #7459, North Chicago, IL, USA"
863,Ocean Fuel,US-301/SR-73,Sylvania,GA,195,3.499,32.7504441,-81.636776,success,"Ocean Fuel, Sylvania, GA, USA"
906,PILOT TRAVEL CENTERS #429,"I-40, EXIT 280",West Memphis,AR,435,3.499,35.1464797,-90.1845388,success,"PILOT TRAVEL CENTERS #429, West Memphis, AR, USA"
908,CIRCLE K #2704888,"I-65, EXIT 246 & SR-119",Pelham,AL,615,3.46566666,33.2961169,-86.8122921,success,"CIRCLE K #2704888, Pelham, AL, USA"
912,PETRO STOPPING CENTER #319,"I-20/59,  EXIT 100",Mc Calla,AL,615,3.12566666,29.437628,-98.379921,success,"PETRO STOPPING CENTER #319, Mc Calla, AL, USA"
936,CASEYS #4254,"I-40, EXIT 129",Conway,AR,695,3.03233333,35.0661898,-92.422523,success,"CASEYS #4254, Conway, AR, USA"
970,CIRCLE K #2702885,"I-17/SR-60, EXIT 199A",Phoenix,AZ,930,3.39233333,33.582466,-112.134578,success,"CIRCLE K #2702885, Phoenix, AZ, USA"
977,PILOT TRAVEL CENTER #328,"I-10, EXIT 17",Quartzsite,AZ,930,3.959,33.6614677,-114.2361319,success,"PILOT TRAVEL CENTER #328, Quartzsite, AZ, USA"
981,STINKER #85,"I-15, EXIT 93",Blackfoot,ID,825,3.53233333,-61.2176474,-55.3747109,success,"STINKER #85, Blackfoot, ID, USA"
982,CIRCLE K #2701948,"I-8, EXIT 7 & SR-195",Yuma,AZ,900,3.56566666,32.6844077,-114.6508191,success,"CIRCLE K #2701948, Yuma, AZ, USA"
1028,FOUR STATES TRUCK STOP,"I-495, EXIT 4 & SR-9",New Castle,DE,243,3.449,39.6620572,-75.5663132,success,"FOUR STATES TRUCK STOP, New Castle, DE, USA"
1042,Union 76,US-441 & SR-100A,Lake City,FL,75,3.56233333,30.1894252,-82.6394803,success,"Union 76, Lake City, FL, USA"
1043,ONE9 #1401,I-75 EXIT 414  & US-41,Lake City,FL,75,3.259,30.1894252,-82.6394803,success,"ONE9 #1401, Lake City, FL, USA"
1047,TA MARIANNA TRAVEL CENTER,"I-10/SR-8, EXIT 142 & SR-71",Marianna,FL,20,3.60733333,30.7743596,-85.2268735,success,"TA MARIANNA TRAVEL CENTER, Marianna, FL, USA"
1075,PILOT TRAVEL CENTER #68,"I-16 /SR-404, EXIT 51 & US-441",Dublin,GA,85,3.43233333,32.4904212,-82.9343839,success,"PILOT TRAVEL CENTER #68, Dublin, GA, USA"
1106,CIRCLE K #2705367,"I-20, EXIT 172",Thomson,GA,16,3.399,33.4663248,-82.5026089,success,"CIRCLE K #2705367, Thomson, GA, USA"
1112,BC AMPRIDE TRUCK PLAZA,US-59/SR-141,Denison,IA,527,3.399,42.0177718,-95.3553286,success,"BC AMPRIDE TRUCK PLAZA, Denison, IA, USA"
1115,KWIK STAR #704,SR-57/SR-14,Parkersburg,IA,565,3.58233333,42.570838,-92.7863361,success,"KWIK STAR #704, Parkersburg, IA, USA"
1121,TRAVELERS OASIS,"I-84, EXIT 182",Eden,ID,787,3.799,35.1308518,-116.0953255,success,"TRAVELERS OASIS, Eden, ID, USA"
1128,TA CHICAGO NORTH TRAVEL CENTER,"I-94/US-41, EXIT 1",Wadsworth,IL,444,3.819,42.4286788,-87.9067248,success,"TA CHICAGO NORTH TRAVEL CENTER, Wadsworth, IL, USA"
1132,SPEEDWAY #7423,"I-57, EXIT 83",Ina,IL,293,3.249,38.1511606,-88.9039554,success,"SPEEDWAY #7423, Ina, IL, USA"
1136,PILOT TRAVEL CENTER #171,"I-74, EXIT 206",Oakwood,IL,280,3.399,40.123939,-87.7795284,success,"PILOT TRAVEL CENTER #171, Oakwood, IL, USA"
1140,CIRCLE K #4701398,"I-55, EXIT 82 & SR-104",Divernon,IL,280,3.499,39.5905905,-89.6529153,success,"CIRCLE K #4701398, Divernon, IL, USA"
1149,PILOT TRAVEL CENTER #30,"I-70, EXIT 96",Greenfield,IN,375,3.959,39.7855096,-85.7681979,success,"PILOT TRAVEL CENTER #30, Greenfield, IN, USA"
1151,SPEEDWAY #8061,"I-70, EXIT 115 & SR-109",Knightstown,IN,375,3.759,39.7946808,-85.5303872,success,"SPEEDWAY #8061, Knightstown, IN, USA"
1154,CIRCLE K #2704691,SR-71 & CR-214,Cedar Creek,TX,595,3.199,30.4884486,-97.7308104,success,"CIRCLE K #2704691, Cedar Creek, TX, USA"
1156,CIRCLE K #4700028,"I-74/US-421, EXIT 116 & SR-44",Shelbyville,IN,375,3.599,39.5214373,-85.7769238,success,"CIRCLE K #4700028, Shelbyville, IN, USA"
1157,One9 #297,"I-70, EXIT 11 & SR-46",Terre Haute,IN,510,3.43566666,39.4330102,-87.3321209,success,"One9 #297, Terre Haute, IN, USA"
1158,PILOT TRAVEL CENTERS #36,US-30  & SR-49,Valparaiso,IN,365,3.869,41.4672552,-87.0604487,success,"PILOT TRAVEL CENTERS #36, Valparaiso, IN, USA"
1163,SHORT STOP #13,US-54,Emporia,KS,553,2.839,38.4231214,-96.2162813,success,"SHORT STOP #13, Emporia, KS, USA"
1176,PILOT TRAVEL CENTERS #353,"I-75, EXIT 129",Georgetown,KY,410,3.20566666,38.2099837,-84.5597128,success,"PILOT TRAVEL CENTERS #353, Georgetown, KY, USA"
1179,PILOT TRAVEL CENTERS #399,"I-65, EXIT 105",Lebanon Junction,KY,415,3.609,37.8345086,-85.7319042,success,"PILOT TRAVEL CENTERS #399, Lebanon Junction, KY, USA"
1196,SOUTHERN BELLE TRUCK STOP,US-61 & SR-964,Saint Francisville,LA,725,3.384,30.7807244,-91.3763353,success,"SOUTHERN BELLE TRUCK STOP, Saint Francisville, LA, USA"
1199,ALLTOWN MARKETS #306,"I-190, EXIT 7",Leominster,MA,178,3.68233333,42.4937446,-71.7267853,success,"ALLTOWN MARKETS #306, Leominster, MA, USA"
1202,ONE9 #290,"I-95, EXIT 93 & SR-222",Perryville,MD,22,3.599,39.589627,-76.065361,success,"ONE9 #290, Perryville, MD, USA"
1204,PETRO STOPPING CENTER #321,"I-70 & I-57, EXIT 159",Effingham,IL,574,3.549,39.1201433,-88.54348,success,"PETRO STOPPING CENTER #321, Effingham, IL, USA"
1208,D AVENUE FUEL PLAZA,US-131,Kalamazoo,MI,465,3.499,42.376913,-85.651302,success,"D AVENUE FUEL PLAZA, Kalamazoo, MI, USA"
1210,ROADHAWK TRAVEL CENTER,"I-94, EXIT 56 & SR-51",Paw Paw,MI,465,3.599,42.2178171,-85.8911246,success,"ROADHAWK TRAVEL CENTER, Paw Paw, MI, USA"
1217,KWIK TRIP #250,"I-90, EXIT 179",Austin,MN,515,3.374,43.6766538,-92.9539797,success,"KWIK TRIP #250, Austin, MN, USA"
1218,CASEYS #3658,SR-210,Pillager,MN,522,3.299,46.335566,-94.4842583,success,"CASEYS #3658, Pillager, MN, USA"
1225,AYERCO #35,US-61 & US-61 BUS,Bowling Green,MO,494,3.01566666,39.3321979,-91.1786095,success,"AYERCO #35, Bowling Green, MO, USA"
1234,Lamar Travel Plaza,US-71 & US-160,Lamar,MO,416,3.199,37.4950527,-94.2768736,success,"Lamar Travel Plaza, Lamar, MO, USA"
1236,AYERCO #44,US-36 & US-24,Palmyra,MO,494,3.01566666,39.7992211,-91.5236749,success,"AYERCO #44, Palmyra, MO, USA"
1240,TEMP STOP #103,US-65,Sedalia,MO,400,3.199,38.7098314,-93.2295515,success,"TEMP STOP #103, Sedalia, MO, USA"
1247,SNAPPY MART #11,US-63 & SR-14,West Plains,MO,535,3.299,36.7281652,-91.8525756,success,"SNAPPY MART #11, West Plains, MO, USA"
1251,MAPCO #3009,US-72,Corinth,MS,435,3.154,34.9126121,-88.4991264,success,"MAPCO #3009, Corinth, MS, USA"
1256,DOUBLE QUICK #89,US-82/US-278,Greenville,MS,655,3.25566666,33.3722549,-91.0753203,success,"DOUBLE QUICK #89, Greenville, MS, USA"
1265,JOE JOES TRAVEL CENTER,US-78 & RED BANKS RD S,Red Banks,MS,435,2.97233333,34.8281516,-89.5645253,success,"JOE JOES TRAVEL CENTER, Red Banks, MS, USA"
1304,LOVES TRAVEL STOP #667,"I-85, EXIT 152",Mebane,NC,65,3.94733333,36.067482,-79.314403,success,"LOVES TRAVEL STOP #667, Mebane, NC, USA"
1315,CIRCLE K #2720218,US-421 BUS & US-15/US-501/US-1,Sanford,NC,177,3.08233333,35.4214054,-79.1196743,success,"CIRCLE K #2720218, Sanford, NC, USA"
1325,SCOTCHMAN #3303,US-421 & US-74,Wilmington,NC,245,3.629,34.223944,-77.9441948,success,"SCOTCHMAN #3303, Wilmington, NC, USA"
1326,SPEEDWAY #7949,US-301/US-264 ALT & CR-1674,Wilson,NC,205,3.199,35.7149561,-77.8945213,success,"SPEEDWAY #7949, Wilson, NC, USA"
1333,PUMP & PANTRY #15,US-30,Grand Island,NE,330,3.30733333,40.9406237,-98.359298,success,"PUMP & PANTRY #15, Grand Island, NE, USA"
1340,BORDENTOWN VALERO,"NJ TNPK, EXIT 7 & US-206",Bordentown,NJ,230,3.499,40.1460057,-74.7120481,success,"BORDENTOWN VALERO, Bordentown, NJ, USA"
1342,Delta,"I-80, EXIT 47B",Fairfield,NJ,115,3.20233333,40.8600303,-74.3128666,success,"Delta, Fairfield, NJ, USA"
1344,BOLLA TRUCK STOP #193,US-202 & SR-17,Mahwah,NJ,115,3.53233333,41.0887072,-74.1437552,success,"BOLLA TRUCK STOP #193, Mahwah, NJ, USA"
1348,GLOBAL,SR-73,Palmyra,NJ,150,3.359,40.0070565,-75.0282271,success,"GLOBAL, Palmyra, NJ, USA"
1356,LOVES TRAVEL STOP #257,"I-40 & HORIZON, EXIT 79",Milan,NM,580,3.59066666,35.18361,-107.899935,success,"LOVES TRAVEL STOP #257, Milan, NM, USA"
1364,7- ELEVEN #40507,"I-80/I-90, MM 56 WB",Rolling Prairie,IN,465,3.98233333,41.6745495,-86.6160192,success,"7- ELEVEN #40507, Rolling Prairie, IN, USA"
1372,PILOT TRAVEL CENTER #469,"I-77, EXIT 101 & SR-627",Canton,OH,249,3.62233333,40.749571,-81.403398,success,"PILOT TRAVEL CENTER #469, Canton, OH, USA"
1376,FUEL MART #782,"I-75, EXIT 118",Lima,OH,411,3.08566666,40.6540966,-84.1333235,success,"FUEL MART #782, Lima, OH, USA"
1379,TA LODI TRAVEL CENTER,"I-71, EXIT 209 & I-76/US-224, EXIT 1",Seville,OH,305,3.739,41.010077,-81.8622222,success,"TA LODI TRAVEL CENTER, Seville, OH, USA"
1384,SUNOCO,"I-80/I-90, EXIT 13 & US-20ALT/SR-15",Montpelier,OH,550,3.41566666,41.5844951,-84.6055076,success,"SUNOCO, Montpelier, OH, USA"
1391,ONCUE EXPRESS #2045,"I-35, EXIT 203 & SR-15",Billings,OK,500,3.21566666,36.5289239,-97.4439362,success,"ONCUE EXPRESS #2045, Billings, OK, USA"
1395,DOMINO FOOD AND FUEL #1,"I-40, EXIT 66",Clinton,OK,483,3.099,35.5156056,-98.9673069,success,"DOMINO FOOD AND FUEL #1, Clinton, OK, USA"
1404,ONE9 #339,"I-74, EXIT 4 & SR-63",Covington,IN,375,3.26233333,40.1370345,-87.3970886,success,"ONE9 #339, Covington, IN, USA"
1414,SAC SHOP #507,"I-70, EXIT 12/161",Breezewood,PA,14,4.099,39.9990119,-78.2404221,success,"SAC SHOP #507, Breezewood, PA, USA"
1424,GETTYSBURG TRAVEL PLAZA,US-15 & SR-394,Gettysburg,PA,70,3.899,39.8308973,-77.231012,success,"GETTYSBURG TRAVEL PLAZA, Gettysburg, PA, USA"
1428,CIRCLE K #4702408,"I-65, EXIT 168 & SR-38/SR-25",Lafayette,IN,375,3.43233333,40.4529586,-86.924999,success,"CIRCLE K #4702408, Lafayette, IN, USA"
1432,KWIK FILL #259,"I-81, EXIT 57",Mechanicsburg,PA,70,4.049,40.2101972,-77.0047276,success,"KWIK FILL #259, Mechanicsburg, PA, USA"
1444,PILOT TRAVEL CENTERS #346,"I-20, EXIT 92 & US-601",Lugoff,SC,135,3.43233333,34.2273712,-80.6892487,success,"PILOT TRAVEL CENTERS #346, Lugoff, SC, USA"
1445,PILOT TRAVEL CENTERS #402,"I-80, EXIT 367",Cheyenne,WY,795,3.709,41.1365662,-104.7063786,success,"PILOT TRAVEL CENTERS #402, Cheyenne, WY, USA"
1447,HOT SPOT #3005,US-221,Chesnee,SC,210,3.199,35.1515289,-81.8598413,success,"HOT SPOT #3005, Chesnee, SC, USA"
1453,EXPRESS STOP,US-278/SR-101/SR-6 & SR-113,Rockmart,GA,193,3.319,34.0026005,-85.0416133,success,"EXPRESS STOP, Rockmart, GA, USA"
1455,PETRO FLORENCE,"I-95, EXIT 169",Florence,SC,46,3.32566666,34.1984435,-79.7671658,success,"PETRO FLORENCE, Florence, SC, USA"
1461,CIRCLE K #2705370,"I-26, EXIT 15 & US-176",Inman,SC,210,3.099,35.047841,-82.0906082,success,"CIRCLE K #2705370, Inman, SC, USA"
1464,CIRCLE K #2723254,"I-20, EXIT 55 & SR-6",Lexington,SC,135,3.199,33.962626,-81.2309478,success,"CIRCLE K #2723254, Lexington, SC, USA"
1470,CIRCLE K #2705348,US-1,Beech Island,SC,135,3.159,33.4274334,-81.8778655,success,"CIRCLE K #2705348, Beech Island, SC, USA"
1479,TA SPARTANBURG TRAVEL CENTER,"I-85, EXIT 63 & SR-290",Duncan,SC,210,3.43233333,34.9378962,-82.1451096,success,"TA SPARTANBURG TRAVEL CENTER, Duncan, SC, USA"
1487,ROADRUNNER MARKET #6019,"I-81, EXIT 36 NORTH",Greeneville,TN,405,3.499,36.1631981,-82.8310464,success,"ROADRUNNER MARKET #6019, Greeneville, TN, USA"
1492,MAPCO #3538,"I-24, EXIT 174",Chattanooga,TN,285,2.899,35.123461,-85.2402338,success,"MAPCO #3538, Chattanooga, TN, USA"
1507,CIRCLE K #4703941,"I-55, EXIT 5A",Memphis,TN,435,3.189,35.0498161,-89.8442527,success,"CIRCLE K #4703941, Memphis, TN, USA"
1516,LOVES TRAVEL STOP #261,I-27 EXIT 116,Amarillo,TX,585,3.23233333,35.1914821,-101.7618084,success,"LOVES TRAVEL STOP #261, Amarillo, TX, USA"
1531,CircleK #4702365,"I-74, EXIT 112 & SR-9",Shelbyville,IN,375,3.509,39.5214373,-85.7769238,success,"CircleK #4702365, Shelbyville, IN, USA"
1533,YESWAY #1157,US-62,Brownfield,TX,700,2.99233333,33.1811661,-102.274237,success,"YESWAY #1157, Brownfield, TX, USA"
1546,SHELL,"I-35, EXIT 86 & SR-85",Dilley,TX,740,3.099,28.6674843,-99.1844567,success,"SHELL, Dilley, TX, USA"
1548,TOOT N TOTUM #107,US-287,Dumas,TX,585,3.03233333,35.8726946,-101.9735771,success,"TOOT N TOTUM #107, Dumas, TX, USA"
1552,STRIPES #40911,US-59 & SR-16,Freer,TX,625,3.099,27.8831584,-98.6183635,success,"STRIPES #40911, Freer, TX, USA"
1555,SEIBERT TRAVEL PLAZA,"I-70, EXIT 405 & SR-59",Seibert,CO,800,3.499,39.30099,-102.8696143,success,"SEIBERT TRAVEL PLAZA, Seibert, CO, USA"
1560,CATTREZ,US-20 & SR-5,Irving,NY,38,2.899,42.5675589,-79.1128169,success,"CATTREZ, Irving, NY, USA"
1562,I MART #108,"I-40, EXIT 108",Wildersville,TN,435,3.099,35.7814893,-88.3602512,success,"I MART #108, Wildersville, TN, USA"
1567,KUM & GO #4110,"I-235, EXIT 11",Des Moines,IA,320,3.02733333,41.5332386,-93.5973309,success,"KUM & GO #4110, Des Moines, IA, USA"
1579,FLYING J TRAVEL PLAZA #924- TOWN PUMP,"I-15, EXIT 122 & I-90 MM220",Butte,MT,816,3.56566666,46.008321,-112.608766,success,"FLYING J TRAVEL PLAZA #924- TOWN PUMP, Butte, MT, USA"
1582,LOVES TRAVEL STOP #250,I-40 EXIT 60,Amarillo,TX,585,3.314,35.1914821,-101.7618084,success,"LOVES TRAVEL STOP #250, Amarillo, TX, USA"
1585,Stripes 7Fleet #42498,US-385 & CR-1910,Andrews,TX,710,3.369,32.3187158,-102.545715,success,"Stripes 7Fleet #42498, Andrews, TX, USA"
1590,ROAD RANGER #240,"I-80 & I-94, EXIT 15-A",Lake Station,IN,365,3.559,41.5784387,-87.2394649,success,"ROAD RANGER #240, Lake Station, IN, USA"
1596,FLYING J #305,"I-40, EXIT 39",Jamestown,NM,580,3.44233333,32.339999,-108.675928,success,"FLYING J #305, Jamestown, NM, USA"
1597,7-ELEVEN #36156,"I-70 & SR-519, EXIT 25/333",Eighty Four,PA,165,4.999,40.1827171,-80.1331455,success,"7-ELEVEN #36156, Eighty Four, PA, USA"
1599,ONVO TRAVEL PLAZA,"I-81, EXIT 10",Mc Graw,NY,220,3.439,42.5878634,-76.1302114,success,"ONVO TRAVEL PLAZA, Mc Graw, NY, USA"
1602,CIRCLE K #2723387,US-98,Beaumont,MS,620,3.56566666,31.1693496,-88.9200444,success,"CIRCLE K #2723387, Beaumont, MS, USA"
1606,DONNAS TRAVEL PLAZA,"I-5, EXIT 202",Marysville,WA,962,4.559,48.0517429,-122.1768209,success,"DONNAS TRAVEL PLAZA, Marysville, WA, USA"
1610,TA BALTIMORE TRAVEL CENTER,"I-95, EXIT 57",Baltimore,MD,22,4.759,39.2908816,-76.610759,success,"TA BALTIMORE TRAVEL CENTER, Baltimore, MD, USA"
1618,GO MART FOOD STORE #33,US-33,Ripley,WV,44,3.499,38.8189684,-81.711885,success,"GO MART FOOD STORE #33, Ripley, WV, USA"
1621,CIRCLE K #2709337,"I-65, EXIT 262B",Birmingham,AL,615,3.489,33.4343382,-86.843585,success,"CIRCLE K #2709337, Birmingham, AL, USA"
1622,RACEWAY #6973,US-380 & SR-114/SR-101,Bridgeport,TX,630,2.78233333,33.2240265,-97.7685455,success,"RACEWAY #6973, Bridgeport, TX, USA"
1623,SAPP BROS TRAVEL CENTER,"I-70 & I-270, EXIT 278",Commerce City,CO,800,3.389,39.7839656,-104.9046091,success,"SAPP BROS TRAVEL CENTER, Commerce City, CO, USA"
1625,PILOT TRAVEL CENTERS #60,"I-26, EXIT 159",Bowman,SC,42,3.43233333,33.3487699,-80.6828713,success,"PILOT TRAVEL CENTERS #60, Bowman, SC, USA"
1632,PILOT TRAVEL CENTERS #266,"I-10, EXIT 139 & SR-292",Las Cruces,NM,640,3.19066666,32.3140354,-106.779807,success,"PILOT TRAVEL CENTERS #266, Las Cruces, NM, USA"
1633,7-ELEVEN #36302,"I-35, EXIT 144",Von Ormy,TX,740,3.109,29.3095857,-98.6152191,success,"7-ELEVEN #36302, Von Ormy, TX, USA"
1634,PILOT TRAVEL CENTERS #40,"I-94, EXIT 322",Oak Creek,WI,444,3.889,42.8714846,-87.9444165,success,"PILOT TRAVEL CENTERS #40, Oak Creek, WI, USA"
1644,ALLSUPS CONVENIENCE STORE #2414,"I-20, EXIT 235",Roscoe,TX,575,2.929,32.441615,-100.539297,success,"ALLSUPS CONVENIENCE STORE #2414, Roscoe, TX, USA"
1646,SPEEDWAY #8310,US-6  & US-31,Plymouth,IN,465,3.609,41.3606375,-86.3126406,success,"SPEEDWAY #8310, Plymouth, IN, USA"
1647,SPEEDWAY #8305,US-41 & SR-312,Hammond,IN,290,3.76566666,41.5788338,-87.5086749,success,"SPEEDWAY #8305, Hammond, IN, USA"
1653,ROAD RANGER #187,"I-55, EXIT 289",Chicago,IL,520,3.569,41.8307465,-87.6944213,success,"ROAD RANGER #187, Chicago, IL, USA"
1654,CEFCO #3,US-77/US190/SR-36,Cameron,TX,670,2.989,30.8478132,-96.9679121,success,"CEFCO #3, Cameron, TX, USA"
1661,CHEVRON,"I-20, EXIT 101 & SR-151",Calhoun,LA,590,3.159,32.5204318,-92.3641681,success,"CHEVRON, Calhoun, LA, USA"
1669,BETTY BEAVERS TRUCKSTOP,"I-90, EXIT 28",Fultonville,NY,12,3.149,42.9478324,-74.3701925,success,"BETTY BEAVERS TRUCKSTOP, Fultonville, NY, USA"
1670,Petro Stopping Center #54,"I-44, EXIT 4 & SR-3",Joplin,MO,277,3.449,37.0841838,-94.5133385,success,"Petro Stopping Center #54, Joplin, MO, USA"
1671,LOVES TRAVEL STOP #412,"I-95, EXIT 77",Dunn,NC,205,3.699,35.340244,-78.557198,success,"LOVES TRAVEL STOP #412, Dunn, NC, USA"
1672,HANA TRAVEL PLAZA,"I-40,  EXIT 77",Amarillo,TX,585,2.899,35.20729,-101.8371192,success,"HANA TRAVEL PLAZA, Amarillo, TX, USA"
1699,ALLENS FOOD MART280,US-280/US-231/SR-53/SR-38 & CR-8/CR-34,Sylacauga,AL,615,3.799,33.170482,-86.2514099,success,"ALLENS FOOD MART280, Sylacauga, AL, USA"
1700,TOPPS FUEL STOPS,US-259/SR-49,Daingerfield,TX,723,3.109,33.0318031,-94.7219895,success,"TOPPS FUEL STOPS, Daingerfield, TX, USA"
1720,TOOT N TOTUM #120,US-54 & S WESTERN AVE,Liberal,KS,585,3.01566666,37.0430812,-100.920999,success,"TOOT N TOTUM #120, Liberal, KS, USA"
1749,HIGHWAY 96 FUEL STOP,US-96 & SR-62/FM-1004,Buna,TX,610,3.149,30.4368977,-93.964566,success,"HIGHWAY 96 FUEL STOP, Buna, TX, USA"
1753,PWI #169,"I-35/US-77, EXIT 359 & CR-1304",Abbott,TX,765,2.899,31.898307,-97.088501,success,"PWI #169, Abbott, TX, USA"
1773,M-46 AUTO TRUCK PLAZA,"US-131, EXIT 120 & SR-46",Howard City,MI,344,3.199,43.395583,-85.467815,success,"M-46 AUTO TRUCK PLAZA, Howard City, MI, USA"
1791,PILOT TRAVEL CENTERS #257,"I-20, EXIT 126 & FM-1788",Midland,TX,710,3.56566666,31.967641,-102.251929,success,"PILOT TRAVEL CENTERS #257, Midland, TX, USA"
1807,LOVES TRAVEL STOP #229,I-40 EXIT 96 & SR-207,Panhandle,TX,585,3.314,35.3454637,-101.3806571,success,"LOVES TRAVEL STOP #229, Panhandle, TX, USA"
1810,KENT KWIK #804,US-83,Perryton,TX,585,2.999,36.3910229,-100.8059035,success,"KENT KWIK #804, Perryton, TX, USA"
1829,PILOT TRAVEL CENTERS #96,"SR- 60 & FL TURNPIKE, EXIT 193",Okeechobee,FL,143,3.719,27.2437062,-80.8299044,success,"PILOT TRAVEL CENTERS #96, Okeechobee, FL, USA"
1832,CORNER FUEL CENTER,US-49,Hattiesburg,MS,620,3.299,31.1878038,-89.2511202,success,"CORNER FUEL CENTER, Hattiesburg, MS, USA"
1834,PUMP N PANTRY #15,"I-20, EXIT 617 & US-59",Marshall,TX,766,2.899,32.4889309,-94.3587124,success,"PUMP N PANTRY #15, Marshall, TX, USA"
1849,Stripes #42457,US-67/US-277,San Angelo,TX,740,3.244,31.3757215,-100.4885518,success,"Stripes #42457, San Angelo, TX, USA"
1855,EXIT 76 AUTO TRUCK PLAZA,US-131,Byron Center,MI,344,3.499,42.8122508,-85.7228062,success,"EXIT 76 AUTO TRUCK PLAZA, Byron Center, MI, USA"
1858,FLYING J TRAVEL PLAZA #737,"I-10, EXIT 583",San Antonio,TX,740,3.224,29.4246002,-98.4951405,success,"FLYING J TRAVEL PLAZA #737, San Antonio, TX, USA"
1859,GO MART FOOD STORE #44,"I-79, EXIT 67 & US-19/SR-4",Sutton,WV,44,3.559,38.6641653,-80.7093066,success,"GO MART FOOD STORE #44, Sutton, WV, USA"
1860,MR FUEL #278,"I-75/71, EXIT 175 & SR-338",Walton,KY,300,3.019,38.8756194,-84.6102213,success,"MR FUEL #278, Walton, KY, USA"
1861,PETRO STOPPING CENTER #315,"I-40, EXIT 66",Kingman,AZ,910,3.899,35.1895921,-114.0532996,success,"PETRO STOPPING CENTER #315, Kingman, AZ, USA"
1866,PRI MART FUEL CENTER,"I-94, EXIT 29",Benton Harbor,MI,465,3.799,42.1167065,-86.4541894,success,"PRI MART FUEL CENTER, Benton Harbor, MI, USA"
1873,JDS TRUCKSTOP,"US-12 & US-31, EXIT 3",Niles,MI,465,3.749,41.8060585,-86.320775,success,"JDS TRUCKSTOP, Niles, MI, USA"
1874,CIRCLE K #2744529,US-175,Seagoville,TX,630,2.95066666,32.6447916,-96.5418608,success,"CIRCLE K #2744529, Seagoville, TX, USA"
1879,HOLIDAY STATIONSTORE #3552,"I-35, EXIT 81 & SR-70",Lakeville,MN,448,3.549,44.650051,-93.2432791,success,"HOLIDAY STATIONSTORE #3552, Lakeville, MN, USA"
1888,STRIPES 7FLEET #42449,US-87,Sterling City,TX,710,3.28066666,31.8394025,-100.9760105,success,"STRIPES 7FLEET #42449, Sterling City, TX, USA"
1889,TOOT N TOTUM #105,US-54 & US-287,Stratford,TX,585,2.96566666,36.3320474,-102.074001,success,"TOOT N TOTUM #105, Stratford, TX, USA"
1893,MIKE MCDONALD TRUCK STOP,"I-20, EXIT 509",Terrell,TX,637,2.87066666,32.7359626,-96.2752569,success,"MIKE MCDONALD TRUCK STOP, Terrell, TX, USA"
1894,CIRCLE K #2741544,"I-37 & SR-72, EXIT 69",Three Rivers,TX,747,3.06566666,28.4598545,-98.1820732,success,"CIRCLE K #2741544, Three Rivers, TX, USA"
1897,YESWAY #1077,"I-20/US-84, EXIT 278",Tye,TX,575,2.87566666,32.4585482,-99.8560056,success,"YESWAY #1077, Tye, TX, USA"
1905,LUCKY TRUCK STOP,US-82,Whitesboro,TX,630,2.88566666,33.6558015,-96.9068601,success,"LUCKY TRUCK STOP, Whitesboro, TX, USA"
1909,RALLYSTOP #1,"I-15, EXIT 62",Cedar City,UT,791,3.459,37.677822,-113.066048,success,"RALLYSTOP #1, Cedar City, UT, USA"
1914,LOVES TRAVEL STOP #792,"I-70, EXIT 160",Green River,UT,835,3.709,38.9951635,-110.1846557,success,"LOVES TRAVEL STOP #792, Green River, UT, USA"
1921,BELL TRUCK STOP,"I-80, EXIT 146",Park City,UT,835,3.45233333,40.6460921,-111.4979963,success,"BELL TRUCK STOP, Park City, UT, USA"
1923,SCENIC QUIK STOP,"I-70, EXIT 54 & US-89",Salina,UT,835,3.459,38.957742,-111.859984,success,"SCENIC QUIK STOP, Salina, UT, USA"
1930,CASEYS #3058,"I-35, EXIT 19 & US-160 E",Wellington,KS,570,3.299,37.2678487,-97.4102609,success,"CASEYS #3058, Wellington, KS, USA"
1931,RBS ONE STOP,"I-15, EXIT 320",Woods Cross,UT,835,3.459,40.8745737,-111.9017264,success,"RBS ONE STOP, Woods Cross, UT, USA"
1934,CIRCLE K #2723710,"I-77, EXIT 24",Austinville,VA,185,3.24066666,36.8512342,-80.9120233,success,"CIRCLE K #2723710, Austinville, VA, USA"
1936,QUICK STOP MARKET #36,"I-81, EXIT 10 & US-11",Bristol,VA,185,3.399,36.5959685,-82.1885009,success,"QUICK STOP MARKET #36, Bristol, VA, USA"
1940,7-ELEVEN #40063,"I-81, EXIT 98 & SR-100",Dublin,VA,65,3.199,37.0829586,-80.6910846,success,"7-ELEVEN #40063, Dublin, VA, USA"
1944,LOVES TRAVEL STOPS #399,"I-77, EXIT 1 & SR-620",Lambsburg,VA,65,3.589,36.5854078,-80.7611817,success,"LOVES TRAVEL STOPS #399, Lambsburg, VA, USA"
1950,7-ELEVEN #34515,"I-81, EXIT 205",King George,VA,180,3.399,38.2635238,-77.1443253,success,"7-ELEVEN #34515, King George, VA, USA"
1951,CIRCLE K #2723713,"I-81, EXIT 205",Staunton,VA,185,3.38566666,38.1377618,-79.069653,success,"CIRCLE K #2723713, Staunton, VA, USA"
1953,FAS MART #3555,"I-64, EXIT 136 & US-15",Gordonsville,VA,180,3.699,38.1347217,-78.1865043,success,"FAS MART #3555, Gordonsville, VA, USA"
1954,Joe's Kwik Mart #8409,US-58 & CR-645,Suffolk,VA,130,3.03233333,36.7219013,-76.6390945,success,"Joe's Kwik Mart #8409, Suffolk, VA, USA"
1956,PILOT TRAVEL CENTER #4642,"I-81, EXIT 291",Toms Brook,VA,60,3.659,38.9464989,-78.4391741,success,"PILOT TRAVEL CENTER #4642, Toms Brook, VA, USA"
1958,SPEEDWAY #4618,"I-81 & I-77, EXIT 77",Wytheville,VA,185,3.41233333,36.9360548,-80.9942171,success,"SPEEDWAY #4618, Wytheville, VA, USA"
1960,MAPLEWOOD IRVING,"I-89, EXIT 7",Montpelier,VT,170,3.699,44.2602244,-72.5750364,success,"MAPLEWOOD IRVING, Montpelier, VT, USA"
1962,SUPER QUIK,"I-64, EXIT 172 & SR-1/SR-7",Grayson,KY,255,3.799,38.3478863,-82.9415399,success,"SUPER QUIK, Grayson, KY, USA"
1976,One9 #963,"I-90, EXIT 276",Spokane,WA,970,3.989,47.6571934,-117.42351,success,"One9 #963, Spokane, WA, USA"
1977,GEE CEES TRUCK STOP,"I-5, EXIT 57",Toledo,WA,977,3.839,46.4401007,-122.8467555,success,"GEE CEES TRUCK STOP, Toledo, WA, USA"
1983,KWIK TRIP #427,"US-53, EXIT 110 & SR-40",Bloomer,WI,295,3.41566666,45.10036,-91.508786,success,"KWIK TRIP #427, Bloomer, WI, USA"
1985,Camp Douglas BP,"I-90 & I-94, EXIT 55",Camp Douglas,WI,420,3.154,43.9193145,-90.2681006,success,"Camp Douglas BP, Camp Douglas, WI, USA"
2000,RIVER CITY TRAVEL PLAZA,US-41,Marinette,WI,360,3.399,45.0999594,-87.6307265,success,"RIVER CITY TRAVEL PLAZA, Marinette, WI, USA"
2002,KWIK TRIP #222,US-53/US-2,Superior,WI,334,3.339,46.6666189,-92.1055058,success,"KWIK TRIP #222, Superior, WI, USA"
2009,KWIK TRIP #139,"I-43, EXIT 120 & CR-V/CR-OK",Sheboygan,WI,444,3.29066666,43.736629,-87.725634,success,"KWIK TRIP #139, Sheboygan, WI, USA"
2020,BFS FOODS #72,"I-68, EXIT 23 & SR-26",Bruceton Mills,WV,165,3.499,39.662827,-79.636013,success,"BFS FOODS #72, Bruceton Mills, WV, USA"
2021,GO MART FOOD STORE #59,"I-64, EXIT 15 & US-60",Huntington,WV,255,3.499,38.4192496,-82.445154,success,"GO MART FOOD STORE #59, Huntington, WV, USA"
2022,GO MART FOOD STORE #86,"I-79, EXIT 40 & SR-16",Ivydale,WV,44,3.599,33.9180345,-84.5007946,success,"GO MART FOOD STORE #86, Ivydale, WV, USA"
2029,HOMAX SERVICE,"I-25, EXIT 188",Mills,WY,790,3.169,42.841927,-106.367935,success,"HOMAX SERVICE, Mills, WY, USA"
2030,GHOST TOWN FUEL STOP,US-26/US-20,Casper,WY,790,3.429,42.8501191,-106.325138,success,"GHOST TOWN FUEL STOP, Casper, WY, USA"
2034,TA CHEYENNE TRAVEL CENTER,"I-80, EXIT 377 & SR-217/CR-140",Cheyenne,WY,795,3.699,41.139981,-104.820246,success,"TA CHEYENNE TRAVEL CENTER, Cheyenne, WY, USA"
2040,Fast Stop Travel Centers #1133,"I-25, EXIT 126 & US-18/20",Douglas,WY,790,3.499,42.7595708,-105.382624,success,"Fast Stop Travel Centers #1133, Douglas, WY, USA"
2041,PINE BLUFFS SINCLAIR,"I-80, EXIT 401 & US-30",Pine Bluffs,WY,795,3.699,41.179678,-104.0667789,success,"PINE BLUFFS SINCLAIR, Pine Bluffs, WY, USA"
2044,One9 #1251,"I-80, EXIT 173",Wamsutter,WY,795,3.499,41.674217,-107.97878,success,"One9 #1251, Wamsutter, WY, USA"
2074,STRIPES #40522,"I-10, EXIT 550",San Antonio,TX,740,3.059,29.4521034,-98.5146229,success,"STRIPES #40522, San Antonio, TX, USA"
2076,ALLSUPS CONVENIENCE STORE #2159,US-283 BUS/US-277 BUS & SR-422,Seymour,TX,770,3.299,33.5942438,-99.2603073,success,"ALLSUPS CONVENIENCE STORE #2159, Seymour, TX, USA"
2078,ALLSUPS CONVENIENCE STORE #2366,US-84 & CR-3300,Slaton,TX,700,2.969,33.4343676,-101.643524,success,"ALLSUPS CONVENIENCE STORE #2366, Slaton, TX, USA"
2084,Main Street Market #112,"I-20, EXIT 73",Wickett,TX,710,2.879,31.568947,-103.0037,success,"Main Street Market #112, Wickett, TX, USA"
2087,LWS TRUCK STOP,SR-30,Logan,UT,835,3.42566666,41.7313063,-111.834914,success,"LWS TRUCK STOP, Logan, UT, USA"
2088,FLYING J TRAVEL PLAZA #773,"I-70, EXIT 40",Richfield,UT,835,3.699,38.7887599,-112.0817468,success,"FLYING J TRAVEL PLAZA #773, Richfield, UT, USA"
2089,FLYING J TRAVEL PLAZA #774,"I-84, EXIT 7",Snowville,UT,835,3.749,41.9654058,-112.710343,success,"FLYING J TRAVEL PLAZA #774, Snowville, UT, USA"
2115,KWIK TRIP #838,SR-23/SR-33,Reedsburg,WI,420,3.194,43.5314181,-89.9853227,success,"KWIK TRIP #838, Reedsburg, WI, USA"
2125,BIG D #44,"I-80, EXIT 311 & SR-130",Laramie,WY,795,3.249,41.313704,-105.602581,success,"BIG D #44, Laramie, WY, USA"
2144,Mountain View Truck Stop,US-15,Thurmont,MD,60,4.099,39.6236095,-77.4115401,success,"Mountain View Truck Stop, Thurmont, MD, USA"
2152,SPEEDWAY #4709,"I-90, EXIT 102",Fairmont,MN,425,3.299,39.4780296,-80.118795,success,"SPEEDWAY #4709, Fairmont, MN, USA"
2167,PILOT TRAVEL CENTERS #134,"I-94, EXIT 171 (CR 75)",Saint Cloud,MN,451,3.28733333,45.5616075,-94.1642004,success,"PILOT TRAVEL CENTERS #134, Saint Cloud, MN, USA"
2182,PILOT TRAVEL CENTER #4649,"I-64 & I-81, EXIT 205",Raphine,VA,185,3.659,37.9324678,-79.2327037,success,"PILOT TRAVEL CENTER #4649, Raphine, VA, USA"
2192,GO MART FOOD STORE #51,US-19/SR-129,Mount Nebo,WV,44,3.599,33.9180345,-84.5007946,success,"GO MART FOOD STORE #51, Mount Nebo, WV, USA"
2194,A AND A TRUCKSTOP,US-35 & CR-41,Jackson,OH,315,3.799,38.996984,-82.553767,success,"A AND A TRUCKSTOP, Jackson, OH, USA"
2196,Certified Oil #400410,I-76 EXIT 43,Ravenna,OH,249,3.31566666,41.157557,-81.242047,success,"Certified Oil #400410, Ravenna, OH, USA"
2204,NATURAL BRIDGE SHELL,US-278 & SR-5,Lynn,AL,615,3.68233333,34.0470483,-87.54974,success,"NATURAL BRIDGE SHELL, Lynn, AL, USA"
2209,Roadrunner #471,"I-40/US-65, EXIT 142 & SR-365",North Little Rock,AR,695,3.03233333,34.769536,-92.2670941,success,"Roadrunner #471, North Little Rock, AR, USA"
2219,PILOT TRAVEL CENTER #66,"I-85, EXIT 129",Braselton,GA,16,3.27233333,34.120161,-83.761358,success,"PILOT TRAVEL CENTER #66, Braselton, GA, USA"
2223,PO JOS GAS N GO,"I-16 SR-404, EXIT 116 & US-301/SR-73",Register,GA,195,3.23233333,32.3671237,-81.8840039,success,"PO JOS GAS N GO, Register, GA, USA"
2227,SPEEDWAY #7448,SR-59,Naperville,IL,293,3.299,41.7091951,-88.2064506,success,"SPEEDWAY #7448, Naperville, IL, USA"
2231,QUIKTRIP #605,"I-270, EXIT 33",Saint Louis,MO,540,2.899,38.5892381,-90.2570647,success,"QUIKTRIP #605, Saint Louis, MO, USA"
2255,S&G #36,"I-280, EXIT 2 & SR-795",Millbury,OH,550,3.49233333,41.5659599,-83.4248634,success,"S&G #36, Millbury, OH, USA"
2267,Circle K #4703917,"I-65, EXIT 112 & SR-25",Cross Plains,TN,460,2.949,36.5486597,-86.6961102,success,"Circle K #4703917, Cross Plains, TN, USA"
2283,CIRCLE K #2707321,SR-60,Bartow,FL,225,3.52233333,27.8967246,-81.845184,success,"CIRCLE K #2707321, Bartow, FL, USA"
2287,SAC SHOP #511,"I-76/I-70, EXIT 146 & I-99/US-220 EXIT 1",Bedford,PA,14,4.099,40.0186921,-78.5039069,success,"SAC SHOP #511, Bedford, PA, USA"
2306,SCOTCHMAN #3894,"I-77, EXIT 73 & SR-901",Rock Hill,SC,210,3.079,34.9248667,-81.0250784,success,"SCOTCHMAN #3894, Rock Hill, SC, USA"
2310,MAPCO #3686,"I-24, EXIT 175",Chattanooga,TN,285,2.889,35.0532968,-85.1874165,success,"MAPCO #3686, Chattanooga, TN, USA"
2311,SHELL,"I-24 & EPPS MILL RD, EXIT 89",Christiana,TN,460,3.13233333,35.7100099,-86.3993653,success,"SHELL, Christiana, TN, USA"
2331,PINNERS POINT,SR-135,Portsmouth,VA,130,3.499,36.888621,-76.392172,success,"PINNERS POINT, Portsmouth, VA, USA"
2336,FLYING J TRAVEL PLAZA #754,"I-77 & I-81, EXIT 77",Wytheville,VA,185,3.549,36.9479966,-81.0869747,success,"FLYING J TRAVEL PLAZA #754, Wytheville, VA, USA"
2340,RSTORE #4478,SR-8 & SR-13,Prentice,WI,395,3.039,45.5459408,-90.2875802,success,"RSTORE #4478, Prentice, WI, USA"
2557,PWI #106,"I-30, EXIT 77B",Royse City,TX,630,2.899,32.9761045,-96.331334,success,"PWI #106, Royse City, TX, USA"
2602,PILOT TRAVEL CENTERS #9,"I-75, EXIT 36",Franklin,OH,407,3.35233333,39.5589474,-84.3041074,success,"PILOT TRAVEL CENTERS #9, Franklin, OH, USA"
2623,TA JANESVILLE TRAVEL CENTER,"I-90/I-39, EXIT 171B & US-14",Janesville,WI,420,3.299,42.6829765,-89.0226793,success,"TA JANESVILLE TRAVEL CENTER, Janesville, WI, USA"
2626,WEST END SINCLAIR,"I-80, EXIT 211",Rawlins,WY,838,3.319,41.7907878,-107.239176,success,"WEST END SINCLAIR, Rawlins, WY, USA"
2629,PILOT TRAVEL CENTERS #253,"I-295 & NJ TRNPK,  EXIT 2B",Penns Grove,NJ,243,3.989,39.7295581,-75.4679734,success,"PILOT TRAVEL CENTERS #253, Penns Grove, NJ, USA"
2635,FLYING J #584,"I-5, EXIT 278",Aurora,OR,935,3.859,45.2310497,-122.755035,success,"FLYING J #584, Aurora, OR, USA"
2638,PIT STOP TRAVEL CENTER,US-789,Riverton,WY,790,4.399,43.0247245,-108.380727,success,"PIT STOP TRAVEL CENTER, Riverton, WY, USA"
2640,LITTLE NASHVILLE,"I-64, EXIT 50 & SR-127",Nashville,IL,540,3.399,38.3841609,-89.3703751,success,"LITTLE NASHVILLE, Nashville, IL, USA"
2644,FREDERICKS TRAVEL CENTER,"I-25/US-87, EXIT 235 & SR-52",Erie,CO,800,3.499,40.0502623,-105.049981,success,"FREDERICKS TRAVEL CENTER, Erie, CO, USA"
2756,PAR MAR FOOD STORE #89,"I-77/SR-2, EXIT 170 & SR-14 E",Mineral Wells,WV,430,3.499,39.1904082,-81.5320773,success,"PAR MAR FOOD STORE #89, Mineral Wells, WV, USA"
2761,PONY EXPRESS SERVICE CENTER,US-36 & SR-148,Hanover,KS,316,2.95566666,39.8413629,-96.8601988,success,"PONY EXPRESS SERVICE CENTER, Hanover, KS, USA"
2764,LOVES TRAVEL STOP #046,US-64/54 & SR-94,Hooker,OK,585,3.56233333,36.859439,-101.207961,success,"LOVES TRAVEL STOP #046, Hooker, OK, USA"
2765,LOVES TRAVEL STOP #023,US-50 & US-287,Lamar,CO,525,3.46233333,38.095828,-102.620535,success,"LOVES TRAVEL STOP #023, Lamar, CO, USA"
2772,PILOT TRAVEL CENTERS #29,"I- 80, EXIT 144; I-69, EXIT 357",Fremont,IN,465,3.899,41.7308834,-84.9327395,success,"PILOT TRAVEL CENTERS #29, Fremont, IN, USA"
2779,Stinker #121,I-84 & EXIT 208,Heyburn,ID,787,3.56066666,-61.2176474,-55.3747109,success,"Stinker #121, Heyburn, ID, USA"
2788,JIFFY MART #451,"I-91, EXIT 17 & SR-302",Wells River,VT,39,3.569,44.1542997,-72.0471635,success,"JIFFY MART #451, Wells River, VT, USA"
2805,Fast Stop Travel Centers #1145,"I-15,  EXIT 31",Downey,ID,825,3.799,36.7599909,-89.5407924,success,"Fast Stop Travel Centers #1145, Downey, ID, USA"
2807,SUDDEN SERVICE #25,"I-24, EXIT 11",Clarksville,TN,460,3.30733333,36.5866547,-87.4135743,success,"SUDDEN SERVICE #25, Clarksville, TN, USA"
2811,KWIK FILL #22,"I-90, EXIT 40 & SR-34/SR-31",Weedsport,NY,220,3.899,43.0512688,-76.5625193,success,"KWIK FILL #22, Weedsport, NY, USA"
2817,Chevron #382354,"I-5/US-12, EXIT 72",Chehalis,WA,977,4.299,46.6757135,-122.9779355,success,"Chevron #382354, Chehalis, WA, USA"
2848,TA TONOPAH TRAVEL CENTER,"I-10, EXIT 103",Tonopah,AZ,930,3.939,33.4938042,-112.936905,success,"TA TONOPAH TRAVEL CENTER, Tonopah, AZ, USA"
2851,SPEEDWAY #2958,"I-8, EXIT 12",Yuma,AZ,900,3.479,32.6844708,-114.649665,success,"SPEEDWAY #2958, Yuma, AZ, USA"
2862,TA TALLULAH TRAVEL CENTER,"I-20, EXIT 171 & US-65",Tallulah,LA,760,3.209,32.4084539,-91.1869112,success,"TA TALLULAH TRAVEL CENTER, Tallulah, LA, USA"
2864,KUM & GO #0493,I-49 BUS/SR-59,Neosho,MO,535,3.059,36.8411622,-94.4092825,success,"KUM & GO #0493, Neosho, MO, USA"
2875,CIRCLE K #2744138,"I-25, EXIT 101 & US-50/SR-47",Pueblo,CO,803,3.399,38.3083241,-104.6168095,success,"CIRCLE K #2744138, Pueblo, CO, USA"
2883,PILOT TRAVEL CENTER #293,"I-75, EXIT 341 & CR-484",Ocala,FL,140,3.41233333,29.1871986,-82.1400923,success,"PILOT TRAVEL CENTER #293, Ocala, FL, USA"
2885,SP Truckstop & Travel Center,US-84/SR-38,Bainbridge,GA,20,3.599,30.9038252,-84.5754768,success,"SP Truckstop & Travel Center, Bainbridge, GA, USA"
2889,MOULTON COWBOYS,SR-157,Moulton,AL,615,3.099,34.477046,-87.290324,success,"MOULTON COWBOYS, Moulton, AL, USA"
2891,PETRO STOPPING CENTER #338,"I-80, EXIT 21",Sparks,NV,966,3.949,39.5347691,-119.7552534,success,"PETRO STOPPING CENTER #338, Sparks, NV, USA"
2895,EAGLE TRUCK STOP,I-77 EXIT 81,New Philadelphia,OH,249,3.31566666,40.4897871,-81.4456706,success,"EAGLE TRUCK STOP, New Philadelphia, OH, USA"
2896,NORTH LEWISTON DYNAMART,US-12 & SR 128,Lewiston,ID,970,3.669,43.1737217,-79.0403161,success,"NORTH LEWISTON DYNAMART, Lewiston, ID, USA"
2897,GAS N GO #15,"I-80, EXIT 41",Lyman,WY,827,3.46566666,36.4898881,-82.506576,success,"GAS N GO #15, Lyman, WY, USA"
2910,FLYING J TRAVEL PLAZA #685,"I-29 & I- 94, EXIT 349",Fargo,ND,341,3.569,46.877229,-96.789821,success,"FLYING J TRAVEL PLAZA #685, Fargo, ND, USA"
2913,ONE9#226,"I-40, EXIT 417 & SR-92",Dandridge,TN,405,3.259,36.0153693,-83.4148895,success,"ONE9#226, Dandridge, TN, USA"
2915,TP TRUCK STOP,"I-15, EXIT 80",Fort Hall,ID,825,3.519,32.729442,-97.33181,success,"TP TRUCK STOP, Fort Hall, ID, USA"
2917,GOLDYS TRUCK PLAZA,US-29,Rustburg,VA,185,3.519,37.2768113,-79.1008543,success,"GOLDYS TRUCK PLAZA, Rustburg, VA, USA"
2922,LOVES TRAVEL STOP #210,"I-40, EXIT 158",Albuquerque,NM,580,3.52066666,35.06498,-106.784762,success,"LOVES TRAVEL STOP #210, Albuquerque, NM, USA"
2923,LOVES TRAVEL STOP #435,"I-95, EXIT 104 & SR-207",Ruther Glen,VA,180,3.611,37.937649,-77.466132,success,"LOVES TRAVEL STOP #435, Ruther Glen, VA, USA"
2924,HWY 190 FUEL STOP,US-190,Jasper,TX,610,3.13233333,30.9201995,-93.9965759,success,"HWY 190 FUEL STOP, Jasper, TX, USA"
2926,EXIT 77 TRAVEL PLAZA,"I-81, EXIT 77 & SR-39",Harrisburg,PA,70,3.499,40.355803,-76.727713,success,"EXIT 77 TRAVEL PLAZA, Harrisburg, PA, USA"
2929,TA EXPRESS STEELE,"I-94, EXIT 200 & SR- 3",Steele,ND,390,3.599,46.861337,-99.917057,success,"TA EXPRESS STEELE, Steele, ND, USA"
2935,CIRCLE K #2726163,"I-295, EXIT 22",Jacksonville,FL,75,3.299,30.195665,-81.550918,success,"CIRCLE K #2726163, Jacksonville, FL, USA"
2937,FLYING J TRAVEL PLAZA #664,"I-75, EXIT 171",Walton,KY,300,3.08566666,38.8756194,-84.6102213,success,"FLYING J TRAVEL PLAZA #664, Walton, KY, USA"
2956,PILOT TRAVEL CENTERS #275,"I-85, EXIT 39 I-77, EXIT 13",Charlotte,NC,46,3.55233333,35.2272086,-80.8430827,success,"PILOT TRAVEL CENTERS #275, Charlotte, NC, USA"
2963,SUPERPUMPER #26,"I-94, EXIT 258 & US-281",Jamestown,ND,390,3.629,46.910544,-98.708436,success,"SUPERPUMPER #26, Jamestown, ND, USA"
2967,PETRO STOPPING CENTER #317,"I-57, EXIT 71",Perrysburg,OH,550,3.78566666,41.5571178,-83.6279321,success,"PETRO STOPPING CENTER #317, Perrysburg, OH, USA"
2968,E-Z MART #4460,"I-20,  EXIT 124",Monroe,LA,719,3.129,32.5025471,-92.116219,success,"E-Z MART #4460, Monroe, LA, USA"
2977,DISCOUNT FUEL,"I-90, EXIT 150 & SR-73",Kadoka,SD,506,3.229,43.833882,-101.509866,success,"DISCOUNT FUEL, Kadoka, SD, USA"
2982,CIRCLE K #2723726,"I-59/I-20, EXIT 52 & US-11/US-43/SR-7",Knoxville,AL,705,3.089,32.9882992,-87.7890005,success,"CIRCLE K #2723726, Knoxville, AL, USA"
3003,CHEVRON,"I-20, EXIT 186",Delta,LA,760,2.994,32.3157553,-90.9605842,success,"CHEVRON, Delta, LA, USA"
3008,BUSY BEE,"I-10, EXIT 283 & US-129",Live Oak,FL,10,3.779,30.3319755,-82.9602815,success,"BUSY BEE, Live Oak, FL, USA"
3022,TA GREENCASTLE TRAVEL CENTER,"I-81, EXIT 5",Greencastle,PA,70,3.959,44.169873,-93.925071,success,"TA GREENCASTLE TRAVEL CENTER, Greencastle, PA, USA"
3030,Mr Ts Riverside,US-412,Cardwell,MO,435,3.199,36.0495441,-90.2931492,success,"Mr Ts Riverside, Cardwell, MO, USA"
3064,PORTS TO PLAINS TRAVEL PLAZA,US-50 & US-287,Lamar,CO,800,3.399,38.0872306,-102.620749,success,"PORTS TO PLAINS TRAVEL PLAZA, Lamar, CO, USA"
3086,SPEEDWAY #4638,US-29,Madison Heights,VA,185,3.49566666,37.4505044,-79.1212506,success,"SPEEDWAY #4638, Madison Heights, VA, USA"
3093,RSTORE #4488,US-51,Merrill,WI,395,3.24066666,45.180522,-89.683459,success,"RSTORE #4488, Merrill, WI, USA"
3096,HOBO PANTRY #6,US-431/SR-210,Dothan,AL,20,3.959,31.2683868,-85.4169163,success,"HOBO PANTRY #6, Dothan, AL, USA"
3118,MOBIL,"I-87, EXIT 42 & US-11",Champlain,NY,39,3.799,44.980581,-73.4604618,success,"MOBIL, Champlain, NY, USA"
3128,TA ATLANTA SOUTH TRAVEL CENTER,"I-75, EXIT 201 & SR-36",Jackson,GA,18,3.334,33.2945651,-83.9660209,success,"TA ATLANTA SOUTH TRAVEL CENTER, Jackson, GA, USA"
3138,TA EXPRESS #6264,"I-70, EXIT 26 & US-50",Grand Junction,CO,800,4.049,39.1092083,-108.6410225,success,"TA EXPRESS #6264, Grand Junction, CO, USA"
3139,CHEROKEE TRAVEL MART,"I-40,  EXIT 108",Calumet,OK,483,3.10566666,35.6008883,-98.1188072,success,"CHEROKEE TRAVEL MART, Calumet, OK, USA"
3148,YESWAY #1038,US-60 & SR-86,Neosho,MO,307,3.059,36.8665201,-94.3701651,success,"YESWAY #1038, Neosho, MO, USA"
3155,QUIK MART #18,US-72/SR-157,Tuscumbia,AL,615,3.00733333,34.7318811,-87.7028627,success,"QUIK MART #18, Tuscumbia, AL, USA"
3163,QUIKTRIP #71,"I-44, EXIT 238",Tulsa,OK,560,3.039,36.177548,-95.869291,success,"QUIKTRIP #71, Tulsa, OK, USA"
3164,QUIKTRIP #102,"I-44, EXIT 222A",Tulsa,OK,560,3.039,36.177548,-95.869291,success,"QUIKTRIP #102, Tulsa, OK, USA"
3165,LOVES TRAVEL STOP #213,"I-35, EXIT 211",Tonkawa,OK,500,3.584,36.6507439,-97.3416955,success,"LOVES TRAVEL STOP #213, Tonkawa, OK, USA"
3167,JASPER FOOD MART,US-78,Jasper,AL,615,3.229,33.8312185,-87.2775053,success,"JASPER FOOD MART, Jasper, AL, USA"
3171,One9 #265,"I-40, EXIT 287 & SR-136",Cookeville,TN,405,3.084,36.1623886,-85.4997057,success,"One9 #265, Cookeville, TN, USA"
3176,BP,US-6 & SR-15,New Paris,IN,365,3.65733333,41.5045465,-85.8241113,success,"BP, New Paris, IN, USA"
3178,ERNIES FUEL STOP #1605,SR-167,Kent,WA,977,4.599,47.4043794,-122.2273886,success,"ERNIES FUEL STOP #1605, Kent, WA, USA"
3179,MR FUEL #1020,"I-80 & I-94, EXIT 15B",Lake Station,IN,365,3.56566666,41.5750369,-87.2389246,success,"MR FUEL #1020, Lake Station, IN, USA"
3191,BUSY CORNER TRUCK STOP AND MARKET,"I-24, EXIT 105 & US-41/SR-2",Manchester,TN,460,3.049,35.4832001,-86.0887296,success,"BUSY CORNER TRUCK STOP AND MARKET, Manchester, TN, USA"
3205,CROSSROADS TRUCK STOP STATION,"I-29 & SR 34, MM 109",Colman,SD,530,3.159,43.982472,-96.814497,success,"CROSSROADS TRUCK STOP STATION, Colman, SD, USA"
3206,PERHAM OASIS,US-10 & SR-78,Perham,MN,250,3.499,46.5944042,-95.5725415,success,"PERHAM OASIS, Perham, MN, USA"
3215,SHELL TRUCKSTOP,"I-4, EXIT 44",Polk City,FL,225,3.449,28.1825147,-81.8239676,success,"SHELL TRUCKSTOP, Polk City, FL, USA"
3216,MAXS #124,"I-24, EXIT 86 & US-41",Oak Grove,KY,460,3.04233333,36.6650471,-87.4427878,success,"MAXS #124, Oak Grove, KY, USA"
3221,Pilot #1440,"US-67, EXIT 55 & US-64/US-167 & SR-367",Bald Knob,AR,695,3.399,35.3100919,-91.5671898,success,"Pilot #1440, Bald Knob, AR, USA"
3222,POMPANO TRUCK STOP,"I-95, EXIT 36B",Pompano Beach,FL,95,3.759,26.2378597,-80.1247667,success,"POMPANO TRUCK STOP, Pompano Beach, FL, USA"
3226,ONE9 #245,"I-81, EXIT 77 & SR-39",Harrisburg,PA,70,3.609,40.2663107,-76.8861122,success,"ONE9 #245, Harrisburg, PA, USA"
3227,ONE9 MR FUEL #64,"I-26 & US-17, EXIT 199",Summerville,SC,42,3.219,33.0186699,-80.1762704,success,"ONE9 MR FUEL #64, Summerville, SC, USA"
3230,STRIPES #40815,US-281 & US-285,Falfurrias,TX,625,3.299,27.2257342,-98.1399398,success,"STRIPES #40815, Falfurrias, TX, USA"
3264,TA WEST MEMPHIS TRAVEL CENTER,"I-40/US-63, EXIT 260 & SR-149",Earle,AR,435,3.36733333,35.270644,-90.4657018,success,"TA WEST MEMPHIS TRAVEL CENTER, Earle, AR, USA"
3280,OUTPOST TRUCK STOP,US-85 & US-18/US-20,Lusk,WY,790,3.689,42.762467,-104.452175,success,"OUTPOST TRUCK STOP, Lusk, WY, USA"
3281,AMERICAN TRUCK PLAZA,I-80 EXIT 215 & SR-254,Milton,PA,138,3.799,41.0177269,-76.853084,success,"AMERICAN TRUCK PLAZA, Milton, PA, USA"
3284,CASEYS #4390,"I-49/US-71, EXIT 77 & US-160",Lamar,MO,416,3.199,37.491694,-94.297637,success,"CASEYS #4390, Lamar, MO, USA"
3297,SAPP BROS TRAVEL CENTER,"I-80, EXIT 370",Cheyenne,WY,795,3.70066666,41.157871,-104.661104,success,"SAPP BROS TRAVEL CENTER, Cheyenne, WY, USA"
3316,TRUCKOMAT OF N LITTLE ROCK,"I-40, EXIT 161 & SR-391",North Little Rock,AR,695,3.249,34.769536,-92.2670941,success,"TRUCKOMAT OF N LITTLE ROCK, North Little Rock, AR, USA"
3326,MIRABITO #61,"I-81, EXIT 32",Central Square,NY,12,4.299,43.2875218,-76.1465708,success,"MIRABITO #61, Central Square, NY, USA"
3330,TA # 211 GREENLAND TRAVEL CENTER,"I-95, EXIT 3A & US-101",Greenland,NH,34,3.759,43.0361995,-70.8328322,success,"TA # 211 GREENLAND TRAVEL CENTER, Greenland, NH, USA"
3349,QUEEN CITY TRUCK STOP,"I-20 & I-59, EXIT150",Meridian,MS,705,2.939,32.3643098,-88.703656,success,"QUEEN CITY TRUCK STOP, Meridian, MS, USA"
3383,E-Express at Central Truck Stop,"I-35, EXIT 137",Oklahoma City,OK,483,2.879,35.4729886,-97.5170536,success,"E-Express at Central Truck Stop, Oklahoma City, OK, USA"
3386,LONGMONT TRUCK STOP,"I-25/US-87, EXIT 240 & SR-119",Longmont,CO,800,3.239,40.1672117,-105.101928,success,"LONGMONT TRUCK STOP, Longmont, CO, USA"
3401,POPS Mart #333,"I-77, EXIT 48 & SR-200",Winnsboro,SC,46,3.09066666,34.3807012,-81.0864776,success,"POPS Mart #333, Winnsboro, SC, USA"
3413,COUNTRY GIRL TRUCK STOP,US-167 & SR-156,Winnfield,LA,590,3.319,31.925228,-92.63994,success,"COUNTRY GIRL TRUCK STOP, Winnfield, LA, USA"
3415,JAYS EL CHEAPO FUEL STOP,"I-16, EXIT 104",Metter,GA,195,3.249,32.397118,-82.0601196,success,"JAYS EL CHEAPO FUEL STOP, Metter, GA, USA"
3418,Par Mar Store #164,"I-79, EXIT 105 & CR-7",Jane Lew,WV,165,3.999,39.1098747,-80.4067987,success,"Par Mar Store #164, Jane Lew, WV, USA"
3421,ERNIES TRUCK STOP,"I-5, EXIT 142",Federal Way,WA,977,4.599,47.304921,-122.314013,success,"ERNIES TRUCK STOP, Federal Way, WA, USA"
3422,PWI #167,"I-10, EXIT 601",Seguin,TX,740,2.889,29.5688411,-97.9647269,success,"PWI #167, Seguin, TX, USA"
3427,JOHNNYS MARKET,"I-69, EXIT 357",Fremont,IN,465,3.699,41.7308834,-84.9327395,success,"JOHNNYS MARKET, Fremont, IN, USA"
3432,PILOT TRAVEL CENTER #34,"I-65, EXIT 201 & US-231",Remington,IN,365,3.709,40.7672015,-87.1236579,success,"PILOT TRAVEL CENTER #34, Remington, IN, USA"
3435,PWI #168,"I-35, EXIT 266 & SR-195",Georgetown,TX,740,2.799,30.6370152,-97.6775634,success,"PWI #168, Georgetown, TX, USA"
3444,Acme Truck Stop,US-441/SR-500,Orlando,FL,140,3.449,28.5421218,-81.379045,success,"Acme Truck Stop, Orlando, FL, USA"
3460,CHROME TRUCK STOP,US-18 & US-169,Algona,IA,433,3.499,43.0699663,-94.233019,success,"CHROME TRUCK STOP, Algona, IA, USA"
3464,BOISE PETROLEUM LLC,"I-84,  EXIT 71",Boise,ID,785,3.379,43.6166163,-116.200886,success,"BOISE PETROLEUM LLC, Boise, ID, USA"
3471,MR FUEL DBA ONE9 #72,"I-16, EXIT 160",Savannah,GA,195,3.13233333,32.0790074,-81.0921335,success,"MR FUEL DBA ONE9 #72, Savannah, GA, USA"
3475,PILOT TRAVEL CENTERS #56,"I-85, EXIT 63",Kannapolis,NC,46,3.499,35.4979605,-80.6240008,success,"PILOT TRAVEL CENTERS #56, Kannapolis, NC, USA"
3477,CIRCLE K #4707404,"I-91, EXIT 7",Springfield,VT,170,3.699,43.2988213,-72.4817747,success,"CIRCLE K #4707404, Springfield, VT, USA"
3479,FAST MARKET #4550,"I-75/SR-401, EXIT 136 & US-341",Perry,GA,85,3.099,32.4586695,-83.7319658,success,"FAST MARKET #4550, Perry, GA, USA"
3493,CIRCLE K #2723675,"I-75, EXIT 290 & SR-20",Cartersville,GA,18,3.08566666,34.2085776,-84.7588778,success,"CIRCLE K #2723675, Cartersville, GA, USA"
3519,PILOT TRAVEL CENTERS #431,"I-10, EXIT 873",Orange,TX,610,3.309,30.0929879,-93.7365549,success,"PILOT TRAVEL CENTERS #431, Orange, TX, USA"
3522,SUNMART #308,US-59,Livingston,TX,610,2.859,30.711029,-94.9329898,success,"SUNMART #308, Livingston, TX, USA"
3526,JOE STOP 99,"I-75, EXIT 99 & SR-119",Anna,OH,411,3.064,40.3948773,-84.1729332,success,"JOE STOP 99, Anna, OH, USA"
3530,SPARKYS ONE STOP #22,"I-35, EXIT 111B & US-30",Jefferson,IA,320,3.23233333,42.0352968,-94.3672713,success,"SPARKYS ONE STOP #22, Jefferson, IA, USA"
3536,PETRO STOPPING CENTER #307,I-40 EAST & S LAKESIDE Dr,Amarillo,TX,585,3.279,35.20729,-101.8371192,success,"PETRO STOPPING CENTER #307, Amarillo, TX, USA"
3539,Bigs 211,"I-10, EXIT 620 & SR-123",Seguin,TX,740,3.099,42.8739735,-70.8538682,success,"Bigs 211, Seguin, TX, USA"
3545,STOCKMENS TRUCK PLAZA,"I-494, EXIT 64A",South Saint Paul,MN,450,3.499,44.8906694,-93.0372808,success,"STOCKMENS TRUCK PLAZA, South Saint Paul, MN, USA"
3580,STINKER I 80 TRAVEL PLAZA,"I-80, EXIT 221 & SR-76",Sinclair,WY,838,3.759,41.7791754,-107.1162507,success,"STINKER I 80 TRAVEL PLAZA, Sinclair, WY, USA"
3585,CHEVRON,"I-80, EXIT 129",Lovelock,NV,966,3.499,40.1795908,-118.4725192,success,"CHEVRON, Lovelock, NV, USA"
3588,BINGO TRUCK STOP,"I-10, EXIT 829 & SR-124",Winnie,TX,610,2.999,29.8202205,-94.3840777,success,"BINGO TRUCK STOP, Winnie, TX, USA"
3592,TA BRIDGER TRAVEL CENTER #188,"I-80, EXIT 30 & CR-202",Fort Bridger,WY,835,3.71566666,41.3168326,-110.384961,success,"TA BRIDGER TRAVEL CENTER #188, Fort Bridger, WY, USA"
3593,TA Parowan Travel Center,"I-15, EXIT 78",Parowan,UT,910,3.70566666,37.8421975,-112.8279996,success,"TA Parowan Travel Center, Parowan, UT, USA"
3605,SPEEDYS #6,"I-35, EXIT 33",Saint Joseph,MO,400,3.169,39.7573494,-94.8031182,success,"SPEEDYS #6, Saint Joseph, MO, USA"
3608,FUEL MART #787,"I-57, EXIT 212 & US-36",Tuscola,IL,280,3.199,39.791331,-88.2598758,success,"FUEL MART #787, Tuscola, IL, USA"
3614,PILOT TRAVEL CENTERS #35,"I-80/90, EXIT 72 & US-31",South Bend,IN,465,3.799,41.6833813,-86.2500066,success,"PILOT TRAVEL CENTERS #35, South Bend, IN, USA"
3616,PILOT TRAVEL CENTERS #15,"I-75, EXIT 210",Toledo,OH,550,3.77233333,41.6529143,-83.5378173,success,"PILOT TRAVEL CENTERS #15, Toledo, OH, USA"
3619,ROAD RANGER #141,"I-70, EXIT 23",Brazil,IN,375,3.659,39.4471673,-87.1255582,success,"ROAD RANGER #141, Brazil, IN, USA"
3620,One9 #16,"I-71 & US-68, EXIT 50",Wilmington,OH,315,3.14233333,39.4453393,-83.8285375,success,"One9 #16, Wilmington, OH, USA"
3645,SNOW SHOE TRAVEL PLAZA,"I-80, EXIT 147 & SR-144",Snow Shoe,PA,14,3.469,41.0308914,-77.9494489,success,"SNOW SHOE TRAVEL PLAZA, Snow Shoe, PA, USA"
3678,TIMES MARKET #299,US-281 BUS,Alice,TX,625,3.099,27.7522487,-98.0697249,success,"TIMES MARKET #299, Alice, TX, USA"
3688,SPEEDWAY #2314,"I-94, EXIT 243 & SR-29",New Baltimore,MI,342,3.559,42.6747934,-82.8151573,success,"SPEEDWAY #2314, New Baltimore, MI, USA"
3692,CHARLOTTE TRAVEL PLAZA,"I-77,  EXIT 16B",Charlotte,NC,46,3.53233333,35.2272086,-80.8430827,success,"CHARLOTTE TRAVEL PLAZA, Charlotte, NC, USA"
3699,WARREN TRAVEL PLAZA,"I-69, EXIT 278 & SR-5",Warren,IN,375,3.399,40.6828226,-85.4271953,success,"WARREN TRAVEL PLAZA, Warren, IN, USA"
3702,BEARS DEN TRADING POST #101,ST 37 11 MI E OF MASSENA,Hogansburg,NY,39,3.649,44.9739364,-74.6632416,success,"BEARS DEN TRADING POST #101, Hogansburg, NY, USA"
3707,SPEEDWAY #4704,"I-90, EXIT 154",Albert Lea,MN,425,3.299,43.6879922,-93.4206879,success,"SPEEDWAY #4704, Albert Lea, MN, USA"
3718,SPEEDWAY #4706,"I-90, EXIT 265",Chamberlain,SD,455,3.299,43.7682598,-99.3128964,success,"SPEEDWAY #4706, Chamberlain, SD, USA"
3719,KEYSTONE TRUCK STOP,US-22 & SR-164,Loretto,PA,14,3.999,40.5029161,-78.6314019,success,"KEYSTONE TRUCK STOP, Loretto, PA, USA"
3725,GENEVA TRUCK STOP,"I-79, EXIT 35/141",Cochranton,PA,240,3.81566666,41.5200534,-80.0483929,success,"GENEVA TRUCK STOP, Cochranton, PA, USA"
3728,PLAZA 23 TRUCK STOP,"I-787, EXIT 2",Albany,NY,12,3.799,42.6345753,-73.7548755,success,"PLAZA 23 TRUCK STOP, Albany, NY, USA"
3737,JORDAN'S KWIK STOP #70,US-49,West Helena,AR,435,3.399,34.501088,-90.6102367,success,"JORDAN'S KWIK STOP #70, West Helena, AR, USA"
3745,PILOT TRAVEL CENTER #906-TOWN PUMP,"I-90, EXIT 408 & SR-78",Columbus,MT,780,3.58066666,45.644991,-109.246828,success,"PILOT TRAVEL CENTER #906-TOWN PUMP, Columbus, MT, USA"
3759,EXXON,US-67 & SR-18,Newport,AR,695,4.13233333,35.6381061,-91.2432078,success,"EXXON, Newport, AR, USA"
3767,SIMMONS TRAVEL CENTER,"I-95, EXIT 8 & US-301",Emporia,VA,180,3.099,36.6645301,-77.5540112,success,"SIMMONS TRAVEL CENTER, Emporia, VA, USA"
3772,Brake Time Corner Market,"I-25, EXIT 240",Burlington,CO,800,3.499,39.3046827,-102.2680065,success,"Brake Time Corner Market, Burlington, CO, USA"
3774,SINCLAIR,"I-70, EXIT 438",Burlington,CO,796,3.889,39.3014292,-102.2525526,success,"SINCLAIR, Burlington, CO, USA"
3781,REATTA TRAVEL STOP,"I-76, EXIT 149 & SR-55/CR-81",Crook,CO,475,3.38233333,40.8578024,-102.8011867,success,"REATTA TRAVEL STOP, Crook, CO, USA"
3783,CIRCLE K #2744095,"I-25, EXIT 215",Denver,CO,800,3.299,39.6869141,-104.9402733,success,"CIRCLE K #2744095, Denver, CO, USA"
3794,SPEEDWAY #4701,"I-90, EXIT 73",Jackson,MN,425,3.299,43.6207916,-94.9886022,success,"SPEEDWAY #4701, Jackson, MN, USA"
3817,FAST MARKET,"I-25, EXIT 158",Colorado Springs,CO,803,3.159,38.9494534,-104.8035755,success,"FAST MARKET, Colorado Springs, CO, USA"
3843,ONCUE EXPRESS #61,"I-35, EXIT 185 & US-77",Perry,OK,500,3.21566666,36.2907352,-97.288396,success,"ONCUE EXPRESS #61, Perry, OK, USA"
3868,SHORE STOP #279,US-13,Greenwood,DE,194,3.239,38.8019893,-75.586297,success,"SHORE STOP #279, Greenwood, DE, USA"
3888,Fics Plaza,"I-90, EXIT 184",Deer Lodge,MT,816,3.519,46.395761,-112.730038,success,"Fics Plaza, Deer Lodge, MT, USA"
3889,CIRCLE K #2701686,"I-75, EXIT 220",Bradenton,FL,225,3.439,27.4430775,-82.467191,success,"CIRCLE K #2701686, Bradenton, FL, USA"
3907,SUNOCO,US-46 & SR-93,Palisades Park,NJ,105,3.279,40.8412927,-73.9963589,success,"SUNOCO, Palisades Park, NJ, USA"
3908,SEMINOLE TRUCK STOP,"I-75, EXIT 354",Fort Lauderdale,FL,95,3.699,26.1223084,-80.1433786,success,"SEMINOLE TRUCK STOP, Fort Lauderdale, FL, USA"
3927,MICCOSUKEE SERVICE PLAZA,"I-75, EXIT 49 & SR-84",Fort Lauderdale,FL,95,3.66566666,26.1223084,-80.1433786,success,"MICCOSUKEE SERVICE PLAZA, Fort Lauderdale, FL, USA"
3936,Uncle Petes Truck  Stop,"I-40, EXIT 239 & US-70/SR-26",Lebanon,TN,460,2.989,36.2079779,-86.2910945,success,"Uncle Petes Truck  Stop, Lebanon, TN, USA"
3946,Fast Lane,US-24 & US-63,Moberly,MO,310,3.469,39.404384,-92.446917,success,"Fast Lane, Moberly, MO, USA"
3949,SUNSTOP #337,"I-10/SR-8, EXIT 303 & US-441",Lake City,FL,75,3.699,30.114901,-82.65817,success,"SUNSTOP #337, Lake City, FL, USA"
3956,CIRCLE K #2707451,US-27/SR-25 & SR-70,Lake Placid,FL,225,3.399,27.2930999,-81.3628502,success,"CIRCLE K #2707451, Lake Placid, FL, USA"
3964,SPEEDWAY #6604,"I-94, EXIT 66",Mattawan,MI,465,3.489,42.2237402,-85.787611,success,"SPEEDWAY #6604, Mattawan, MI, USA"
3970,EXXON - Pilot #1293,"I-30, EXIT 61",Garland,TX,630,2.84233333,32.833872,-96.6333473,success,"EXXON - Pilot #1293, Garland, TX, USA"
3973,LOVES TRAVEL STOP #205,"I-35 & I-44, EXIT 137",Oklahoma City,OK,483,3.319,35.3955182,-97.2658866,success,"LOVES TRAVEL STOP #205, Oklahoma City, OK, USA"
3974,LOVES TRAVEL STOP #201,I-40 EXIT 41,Elk City,OK,483,3.12566666,35.422834,-99.372296,success,"LOVES TRAVEL STOP #201, Elk City, OK, USA"
3975,SUNSTOP #334,"I-10, EXIT 335 & SR-121",Macclenny,FL,75,3.459,30.2821807,-82.1220569,success,"SUNSTOP #334, Macclenny, FL, USA"
3979,PETRO GARY 369,"I-80 & I-94, EXIT 9",Gary,IN,365,3.83066666,41.6020962,-87.3370646,success,"PETRO GARY 369, Gary, IN, USA"
4006,MISSILE MART #1,US-167 & SR-7,El Dorado,AR,635,3.499,33.258057,-92.645186,success,"MISSILE MART #1, El Dorado, AR, USA"
4008,BALDWIN TRAVEL PLAZA,"I-94, EXIT 19 & US HWY 63",Baldwin,WI,295,3.503,44.9349964,-92.3734444,success,"BALDWIN TRAVEL PLAZA, Baldwin, WI, USA"
4025,BP,"I-85, EXIT 21  & US-178",Anderson,SC,30,2.909,34.5133403,-82.6478773,success,"BP, Anderson, SC, USA"
4035,PILOT TRAVEL CENTER #430,"I-40,  EXIT 84",Russellville,AR,695,3.375,35.2804615,-93.0920484,success,"PILOT TRAVEL CENTER #430, Russellville, AR, USA"
4062,DUDLEYS TRUCK STOP RESTAURANT,US-220,Rocky Mount,VA,185,3.299,36.9962007,-79.8909474,success,"DUDLEYS TRUCK STOP RESTAURANT, Rocky Mount, VA, USA"
4063,STUCKEY'S,"I-59, EXIT 67 & US-49",Hattiesburg,MS,620,2.999,31.3593377,-89.3499651,success,"STUCKEY'S, Hattiesburg, MS, USA"
4080,SHELL DBA PILOT DEALER #874,US-41,Miami,FL,176,3.699,25.7741566,-80.1935973,success,"SHELL DBA PILOT DEALER #874, Miami, FL, USA"
4101,E-Z MART #4411,HIGHWAY 69 & COBBLESTONE DR,Pryor,OK,560,3.099,34.5067221,-97.1107648,success,"E-Z MART #4411, Pryor, OK, USA"
4113,ASAP GENERAL STORE #330,US-412/SR-15,Enid,OK,500,3.08233333,36.3967623,-97.8791341,success,"ASAP GENERAL STORE #330, Enid, OK, USA"
4115,QUIKTRIP #707,"I-85 , EXIT 96",Atlanta,GA,18,3.34066666,33.8000136,-84.416655,success,"QUIKTRIP #707, Atlanta, GA, USA"
4119,JET FOOD STORE #82,US-441 & CR-13,Douglas,GA,10,3.44066666,31.5088073,-82.8498654,success,"JET FOOD STORE #82, Douglas, GA, USA"
4156,PETRO STOPPING CENTER #305,"I-10, EXIT 582",San Antonio,TX,740,3.20733333,29.4376276,-98.3799214,success,"PETRO STOPPING CENTER #305, San Antonio, TX, USA"
4161,EL CHEAPO,I-95 & EXIT 76,Midway,GA,195,3.52566666,31.8000763,-81.4331585,success,"EL CHEAPO, Midway, GA, USA"
4164,CIRCLE K #2723897,"I-75, EXIT 138",Thomasville,GA,20,3.23566666,30.816579,-84.000697,success,"CIRCLE K #2723897, Thomasville, GA, USA"
4169,TA KINGMAN TRAVEL CENTER,"I-40, EXIT 48 & US-93",Kingman,AZ,910,3.899,35.1895921,-114.0532996,success,"TA KINGMAN TRAVEL CENTER, Kingman, AZ, USA"
4171,PETRO SERVE USA #11,US-2 & US-71,Bemidji,MN,355,3.499,47.4723148,-94.8832791,success,"PETRO SERVE USA #11, Bemidji, MN, USA"
4172,FLYING J TRAVEL PLAZA #639,"I-90, EXIT 2",Post Falls,ID,970,3.76233333,52.559955,13.090937,success,"FLYING J TRAVEL PLAZA #639, Post Falls, ID, USA"
4179,CIRCLE K #2705352,"I-95/SR-405, EXIT 109 & SR-30/SR-21",Port Wentworth,GA,195,3.099,32.194194,-81.195138,success,"CIRCLE K #2705352, Port Wentworth, GA, USA"
4187,FLYING J TRAVEL PLAZA #632,"I-75, EXIT 320",Resaca,GA,285,3.29566666,30.812192,-97.610793,success,"FLYING J TRAVEL PLAZA #632, Resaca, GA, USA"
4193,TIGER MART #63,"I-20, EXIT 454",Grand Prairie,TX,630,3.599,32.7459645,-96.9977846,success,"TIGER MART #63, Grand Prairie, TX, USA"
4199,PWI #574,"I-70, EXIT 193/US-40",Bunker Hill,KS,357,2.959,38.8758445,-98.7039655,success,"PWI #574, Bunker Hill, KS, USA"
4204,PILOT TRAVEL CENTERS #415,"I-59, EXIT 4",Rising Fawn,GA,285,3.859,34.7702498,-85.5415371,success,"PILOT TRAVEL CENTERS #415, Rising Fawn, GA, USA"
4211,FLYING J #513,"I-15, EXIT 1",Jean,NV,910,3.73233333,35.7788568,-115.3243823,success,"FLYING J #513, Jean, NV, USA"
4220,KENNETT TRUCK STOP,"I-275, EXIT 16",Lawrenceburg,IN,300,3.424,39.090891,-84.8499504,success,"KENNETT TRUCK STOP, Lawrenceburg, IN, USA"
4222,Circle K #4703906,"I-24, EXIT 24 & SR-49",Pleasant View,TN,460,2.899,36.4050963,-87.0222951,success,"Circle K #4703906, Pleasant View, TN, USA"
4223,TA PEMBROKE TRAVEL CENTER,"I-90, EXIT 48A",Corfu,NY,38,3.939,42.9600595,-78.4055767,success,"TA PEMBROKE TRAVEL CENTER, Corfu, NY, USA"
4227,LOVES TRAVEL STOP #203,"I-40, EXIT 140",Oklahoma City,OK,483,3.35566666,35.3955182,-97.2658866,success,"LOVES TRAVEL STOP #203, Oklahoma City, OK, USA"
4233,QUIKTRIP #7220,"I-20, EXIT 8",Shreveport,LA,745,2.89233333,32.4436545,-93.8990176,success,"QUIKTRIP #7220, Shreveport, LA, USA"
4239,SPEEDWAY #8256,"I-64, EXIT 94 & SR-1958 & US-60",Winchester,KY,410,2.92233333,37.9941808,-84.216019,success,"SPEEDWAY #8256, Winchester, KY, USA"
4241,EXXON,"I-285, EXIT 53",Conley,GA,18,3.999,33.6448311,-84.3257571,success,"EXXON, Conley, GA, USA"
4267,CONOCO,US-30 & SR-41,Gap,PA,160,3.799,39.987325,-76.0205073,success,"CONOCO, Gap, PA, USA"
4292,KUM & GO #0032,"I-80/US-6, EXIT 155 & SR-117",Colfax,IA,320,3.08233333,41.6777241,-93.2452335,success,"KUM & GO #0032, Colfax, IA, USA"
4301,TIGER DISCOUNT TRUCKSTOP,"I-94, EXIT 64 & I-94 BUS",Dickinson,ND,807,3.51566666,46.8861024,-102.7396163,success,"TIGER DISCOUNT TRUCKSTOP, Dickinson, ND, USA"
4311,Saveway Truck Plaza,"I-65, EXIT 164 & US-31",Hope Hull,AL,720,3.139,32.2698632,-86.3571916,success,"Saveway Truck Plaza, Hope Hull, AL, USA"
4331,KWIK STOP C STORES,US-61/US-151,Dubuque,IA,335,3.559,42.5006243,-90.6647985,success,"KWIK STOP C STORES, Dubuque, IA, USA"
4332,PILOT TRAVEL CENTER #468,"I-57, EXIT 283 & US-24",Gilman,IL,280,3.399,40.7508587,-88.0017541,success,"PILOT TRAVEL CENTER #468, Gilman, IL, USA"
4335,HIGHWAY 20  AUTO TRUCK PLAZA,US-20,Peosta,IA,335,3.489,42.4469535,-90.8433797,success,"HIGHWAY 20  AUTO TRUCK PLAZA, Peosta, IA, USA"
4339,ROAD RANGER #273,I-69E/US-77 & SR-107,Combes,TX,639,3.049,26.2507363,-97.7295569,success,"ROAD RANGER #273, Combes, TX, USA"
4349,ROAD RANGER #144,"I-380, EXIT 68US-20, EXIT 68",Evansdale,IA,565,3.729,42.4614587,-92.2473712,success,"ROAD RANGER #144, Evansdale, IA, USA"
4363,EL CHEAPO #4,"I-95, EXIT 87",Richmond Hill,GA,195,3.09566666,31.9382381,-81.3035515,success,"EL CHEAPO #4, Richmond Hill, GA, USA"
4368,HOODS SERVICE CENTER,"I-44, EXIT 61",Bois D Arc,MO,535,3.074,37.176835,-94.303523,success,"HOODS SERVICE CENTER, Bois D Arc, MO, USA"
4372,GRADYS TRUCKSTOP,"I-16, EXIT 111",Pulaski,GA,195,3.46566666,32.3901752,-81.9567837,success,"GRADYS TRUCKSTOP, I-16, EXIT 111, Pulaski, GA, USA"
4373,KUM & GO #0043,"I-35, EXIT 43 & SR-207/CRG76",New Virginia,IA,320,3.114,41.180595,-93.7300396,success,"KUM & GO #0043, New Virginia, IA, USA"
4389,TAYLOR QUIK-PIK,"I-29, EXIT 75 & US-30",Missouri Valley,IA,486,3.399,41.5506143,-95.9126632,success,"TAYLOR QUIK-PIK, Missouri Valley, IA, USA"
4395,BREAK TIME #3147,"I-55, EXIT 67 & US-62",Sikeston,MO,275,3.499,36.8817665,-89.5796596,success,"BREAK TIME #3147, Sikeston, MO, USA"
4417,TA MORIARITY TRAVEL CENTER,"I-40, EXIT 194",Moriarty,NM,580,3.21733333,44.169873,-93.925071,success,"TA MORIARITY TRAVEL CENTER, Moriarty, NM, USA"
4419,CASEYS #3081,"I-35, EXIT 92 & US-136",Bethany,MO,400,3.06066666,40.2663247,-94.0106858,success,"CASEYS #3081, Bethany, MO, USA"
4427,CASEYS #2654,"I-80/US-6, EXIT 93 & CR-P28",Stuart,IA,320,3.099,41.5033213,-94.3185737,success,"CASEYS #2654, Stuart, IA, USA"
4431,CASEYS #2653,"US-63 & US-30, EXIT 202",Toledo,IA,320,3.349,41.9858769,-92.5806253,success,"CASEYS #2653, Toledo, IA, USA"
4437,UNDERWOOD TRUCK STOP I 80,"I-80, EXIT 17",Underwood,IA,319,3.00066666,41.3872477,-95.678862,success,"UNDERWOOD TRUCK STOP I 80, Underwood, IA, USA"
4441,PILOT TRAVEL CENTERS #51,"I-81 BAILEYTON RD, EXIT 36",Greeneville,TN,405,3.56233333,36.1631981,-82.8310464,success,"PILOT TRAVEL CENTERS #51, Greeneville, TN, USA"
4442,Minuteman Food Mart #58,US-74/US-76,Delco,NC,245,3.50733333,34.3157241,-78.2247211,success,"Minuteman Food Mart #58, Delco, NC, USA"
4445,TA Rogers,"I-94/US-52, EXIT 207 & SR-101",Rogers,MN,448,3.274,45.196693,-93.549305,success,"TA Rogers, Rogers, MN, USA"
4446,LOVES TRAVEL STOP #200,I-40 EXIT 74,Amarillo,TX,585,3.209,35.1914821,-101.7618084,success,"LOVES TRAVEL STOP #200, Amarillo, TX, USA"
4451,PRAIRIE JUNCTION TRUCK STOP,"I-29, EXIT 109 & SR-34",Colman,SD,530,3.099,43.982472,-96.814497,success,"PRAIRIE JUNCTION TRUCK STOP, Colman, SD, USA"
4452,CASEYS #2867,US-63 & US-20,Waterloo,IA,380,3.499,42.4636647,-92.2981945,success,"CASEYS #2867, Waterloo, IA, USA"
4458,KUM & GO #1443,"I-80, EXIT 216",Williamsburg,IA,380,3.13066666,41.6612394,-92.0095079,success,"KUM & GO #1443, Williamsburg, IA, USA"
4460,EXIT 62 TRUCKSTOP,"I-71, EXIT 62 & US-127",Glencoe,KY,415,3.16566666,38.7145093,-84.8227255,success,"EXIT 62 TRUCKSTOP, Glencoe, KY, USA"
4463,QUIKTRIP #7901,"I-20, EXIT 556 & US-69",Lindale,TX,710,2.80733333,32.4699185,-95.3869991,success,"QUIKTRIP #7901, Lindale, TX, USA"
4482,FLYING J TRAVEL PLAZA #777,"I-84, EXIT 54(FEDERAL WAY)",Boise,ID,785,3.809,43.6166163,-116.200886,success,"FLYING J TRAVEL PLAZA #777, Boise, ID, USA"
4492,3 MILE CORNER TRUCK STOP,US-2 & US-95,Bonners Ferry,ID,970,3.734,48.696735,-116.318563,success,"3 MILE CORNER TRUCK STOP, Bonners Ferry, ID, USA"
4525,STINKER #42,US-12/US-95 & SR-128,Lewiston,ID,970,3.69733333,-61.2176474,-55.3747109,success,"STINKER #42, Lewiston, ID, USA"
4528,WENATCHEE VALLEY TRUCK STOP,US-97 ALT,Wenatchee,WA,920,4.199,47.4234599,-120.310349,success,"WENATCHEE VALLEY TRUCK STOP, Wenatchee, WA, USA"
4533,SPEEDWAY #1449,"I-65, EXIT 262B",Birmingham,AL,615,2.97566666,33.5206824,-86.8024326,success,"SPEEDWAY #1449, Birmingham, AL, USA"
4544,BIG CHARLIES TRUCK PLAZA,"I-64, EXIT 282 & US-13",Virginia Beach,VA,130,3.489,36.8833832,-76.1862071,success,"BIG CHARLIES TRUCK PLAZA, Virginia Beach, VA, USA"
4555,PILOT TRAVEL CENTERS #406,"I-65, EXIT 22 & US-31A/SR-11",Cornersville,TN,460,3.799,35.3614649,-86.8397237,success,"PILOT TRAVEL CENTERS #406, Cornersville, TN, USA"
4560,FAST STOP TRAVEL CENTERS #1109,"I-15, EXIT 392",Plymouth,UT,835,3.58233333,41.8754813,-112.1441223,success,"FAST STOP TRAVEL CENTERS #1109, Plymouth, UT, USA"
4563,PILOT TRAVEL CENTERS #299,"I-55/I-74/US-51, EXIT 160 & US-150/SR-9",Bloomington,IL,280,3.599,40.482744,-89.01731,success,"PILOT TRAVEL CENTERS #299, Bloomington, IL, USA"
4568,ONVO TRAVEL PLAZA,"I-90, EXIT 28",Fultonville,NY,12,3.199,42.9478324,-74.3701925,success,"ONVO TRAVEL PLAZA, Fultonville, NY, USA"
4569,METROPOLIS TRUCK STOP,"I-24, EXIT 37 & US-45",Metropolis,IL,490,3.599,37.1511655,-88.7319979,success,"METROPOLIS TRUCK STOP, Metropolis, IL, USA"
4574,Circle K #4701432,"I-74, EXIT 174",Mahomet,IL,280,3.669,40.195142,-88.4052266,success,"Circle K #4701432, Mahomet, IL, USA"
4582,BIG CHIEF TRUCK STOP,"I-94/US-52, EXIT 61 & US-59/CR-82",Fergus Falls,MN,250,3.23566666,46.283015,-96.077558,success,"BIG CHIEF TRUCK STOP, Fergus Falls, MN, USA"
4605,PILOT DEALER #898 SADLERS TRUCK STOP,"I-95, EXIT 11B & US-58",Emporia,VA,180,3.799,36.6859828,-77.5424808,success,"PILOT DEALER #898 SADLERS TRUCK STOP, Emporia, VA, USA"
4618,OUTPOST TRAVEL CENTER,"I-20, EXIT 5 & US-80",Greenwood,LA,745,2.899,32.4435212,-93.9749081,success,"OUTPOST TRAVEL CENTER, Greenwood, LA, USA"
4620,PILOT TRAVEL CENTERS #95,"I-75, EXIT 329 & SR-44",Wildwood,FL,225,3.22566666,28.865286,-82.0394286,success,"PILOT TRAVEL CENTERS #95, Wildwood, FL, USA"
4622,TA LEE HI TRAVEL PLAZA,"I-81,  EXIT 195",Lexington,VA,185,3.659,37.7840208,-79.4428157,success,"TA LEE HI TRAVEL PLAZA, Lexington, VA, USA"
4628,QUARLES #4601,US-29/US-17/US-15,Warrenton,VA,60,3.32233333,38.7135498,-77.795367,success,"QUARLES #4601, Warrenton, VA, USA"
4637,THORNTONS #369 DBA PILOT TRAVEL CENTER #514,"I-55, EXIT 126 & SR-10",Lincoln,IL,318,3.399,40.1565057,-89.4125158,success,"THORNTONS #369 DBA PILOT TRAVEL CENTER #514, Lincoln, IL, USA"
4642,MARSHAL JUNCTION,"I-70, EXIT 147 & SR-1",Marshall,IL,510,3.199,39.3914252,-87.6936384,success,"MARSHAL JUNCTION, Marshall, IL, USA"
4644,CIRCLE K #4706703,"I-80, EXIT 145A",Mokena,IL,290,3.399,41.542188,-87.851268,success,"CIRCLE K #4706703, Mokena, IL, USA"
4654,7-ELEVEN #35087,"I-490, EXIT 2 & SR-33 & SR-19",Bergen,NY,190,4.029,43.0731706,-77.94586,success,"7-ELEVEN #35087, Bergen, NY, USA"
4655,QUICKLEES TRAVEL CENTER,"I-86, EXIT 30 & CR-20",Belmont,NY,190,3.999,42.2231241,-78.0344506,success,"QUICKLEES TRAVEL CENTER, Belmont, NY, USA"
4690,PWI #401,"I-20 & I-30, EXIT 1B",Aledo,TX,630,2.799,32.6979939,-97.6039938,success,"PWI #401, Aledo, TX, USA"
4700,A C TRUCKSTOP,"I-80, EXIT 290",Laramie,WY,795,3.079,41.3116442,-105.5917876,success,"A C TRUCKSTOP, Laramie, WY, USA"
4704,THE RIDGE,"I-68/US-219, EXIT 14 & US-40",Accident,MD,165,4.199,39.6289521,-79.3208439,success,"THE RIDGE, Accident, MD, USA"
4707,SMITHTON TRUCKSTOP,"I-70, EXIT 39 & SR-3059",Smithton,PA,165,3.899,40.1539613,-79.7411535,success,"SMITHTON TRUCKSTOP, Smithton, PA, USA"
4729,MINIT MART #600244,"I-70, EXIT 131",Straughn,IN,457,3.859,39.8089351,-85.2913559,success,"MINIT MART #600244, Straughn, IN, USA"
4742,FLYING J TRAVEL PLAZA #684,"I-94, EXIT 1 & SR-16",Beach,ND,807,3.96566666,46.9180689,-104.0043728,success,"FLYING J TRAVEL PLAZA #684, Beach, ND, USA"
4750,BROOKE TRAVEL PLAZA,"I-80, EXIT 259",West Liberty,IA,380,2.98733333,41.5700231,-91.2637695,success,"BROOKE TRAVEL PLAZA, West Liberty, IA, USA"
4762,TA MONROE TRAVEL CENTER,"I-75, EXIT 15",Monroe,MI,325,3.349,41.9145037,-83.3968252,success,"TA MONROE TRAVEL CENTER, Monroe, MI, USA"
4806,TRACK AND TRAVEL,"I-20, EXIT 406",Weatherford,TX,630,2.91733333,32.7589648,-97.7970748,success,"TRACK AND TRAVEL, Weatherford, TX, USA"
4818,PILOT TRAVEL CENTER #350,"I-84 & US-20, EXIT 95",Mountain Home,ID,785,3.799,4.6374792,-74.0641227,success,"PILOT TRAVEL CENTER #350, Mountain Home, ID, USA"
4819,Alta Convenience #6333,"I-25, EXIT 11",Trinidad,CO,803,3.399,37.1663818,-104.5109899,success,"Alta Convenience #6333, Trinidad, CO, USA"
4826,I-20 Truck Stop,"I-20, EXIT 165",Lincoln,AL,615,2.999,33.6131588,-86.1183061,success,"I-20 Truck Stop, Lincoln, AL, USA"
4827,PETRO BEAUMONT #304,"I-10, EXIT 848",Beaumont,TX,610,3.33066666,30.037022,-94.155961,success,"PETRO BEAUMONT #304, Beaumont, TX, USA"
4837,SHELL,US-10 & SR-210,Motley,MN,522,3.399,46.3366315,-94.646125,success,"SHELL, Motley, MN, USA"
4856,PILOT TRAVEL CENTER #910- TOWN PUMP,"I-90, EXIT 274 & US-287",Three Forks,MT,786,3.59733333,45.892606,-111.551448,success,"PILOT TRAVEL CENTER #910- TOWN PUMP, Three Forks, MT, USA"
4858,PILOT TRAVEL CENTER #1346,"I-135, EXIT 31",Newton,KS,570,3.3115,38.0469166,-97.3447244,success,"PILOT TRAVEL CENTER #1346, Newton, KS, USA"
4860,PILOT TRAVEL CENTER #476,"I-74, EXIT 32 & SR-17",Woodhull,IL,270,3.899,41.1802923,-90.336266,success,"PILOT TRAVEL CENTER #476, Woodhull, IL, USA"
4872,TA COMMERCE TRAVEL CENTER,"I-85, EXIT 149 & US-441",Commerce,GA,16,3.21566666,34.203997,-83.4571058,success,"TA COMMERCE TRAVEL CENTER, Commerce, GA, USA"
4874,PWI #110,"I-20, EXIT 112 & FM-1936",Odessa,TX,710,3.049,31.8457149,-102.367687,success,"PWI #110, Odessa, TX, USA"
4878,SHELL DBA ONE9 #1426,"I-84, EXIT 35",Nampa,ID,785,3.374,45.345274,-118.154292,success,"SHELL DBA ONE9 #1426, I-84, EXIT 35, Nampa, ID, USA"
4881,PETRO STOPPING CENTER #14,"I-295, EXIT 56",Bordentown,NJ,230,4.029,40.1462685,-74.7114508,success,"PETRO STOPPING CENTER #14, Bordentown, NJ, USA"
4885,LOVES TRAVEL STOP #384,"I-70, EXIT 45",Greenville,IL,540,3.689,38.874428,-89.387311,success,"LOVES TRAVEL STOP #384, Greenville, IL, USA"
4887,SUNOCO,"I-80 & I-90, EXIT 3",Wauseon,OH,550,3.699,41.5897803,-84.1479084,success,"SUNOCO, Wauseon, OH, USA"
4894,CLOVERDALE TRAVEL PLAZA,"I-70, EXIT 41 & US-231",Cloverdale,IN,375,3.699,39.5302822,-86.8041359,success,"CLOVERDALE TRAVEL PLAZA, Cloverdale, IN, USA"
4905,HY-MILER #2204,SR-250,Sandusky,OH,550,3.53233333,41.432554,-82.7029643,success,"HY-MILER #2204, Sandusky, OH, USA"
4909,CIRCLE K #2723916,US-441/US-301/US/27/SR-500,Ocala,FL,140,3.459,29.184953,-82.134721,success,"CIRCLE K #2723916, Ocala, FL, USA"
4910,PILOT TRAVEL CENTER #892,"I-70 EXIT 164, & US-50",Green River,UT,835,3.68566666,38.9952294,-110.161725,success,"PILOT TRAVEL CENTER #892, Green River, UT, USA"
4918,PILOT TRAVEL CENTERS #219,"I-40, EXIT 398",Knoxville,TN,405,3.699,35.9603948,-83.9210261,success,"PILOT TRAVEL CENTERS #219, Knoxville, TN, USA"
4920,TA LAPLACE,"I-10, EXIT 209 & US-5",La Place,LA,600,3.22733333,30.070297,-90.469062,success,"TA LAPLACE, La Place, LA, USA"
4921,PILOT TRAVEL CENTERS #231,"I-75, EXIT 29",Corbin,KY,410,3.609,36.9486986,-84.0968761,success,"PILOT TRAVEL CENTERS #231, Corbin, KY, USA"
4927,CIRCLE K #2704886,"I-65, EXIT 205 & US-31/SR-22",Clanton,AL,720,3.20733333,32.8019124,-86.5822411,success,"CIRCLE K #2704886, Clanton, AL, USA"
4933,VILLAGE TRUCK STOP,"I-81, EXIT 18",Rural Retreat,VA,185,3.299,36.8937299,-81.2759341,success,"VILLAGE TRUCK STOP, Rural Retreat, VA, USA"
4977,KWIK TRIP #331,SR-54,Wisconsin Rapids,WI,395,3.26233333,44.4068721,-89.7891067,success,"KWIK TRIP #331, Wisconsin Rapids, WI, USA"
4981,JOHNNYS MARKET,"I-94, EXIT 110 & US-27",Marshall,MI,385,3.499,42.2721367,-84.9642008,success,"JOHNNYS MARKET, Marshall, MI, USA"
4983,KWIK TRIP #603,"I-94, EXIT 28 & SR-128",Wilson,WI,451,3.549,44.9534314,-92.173789,success,"KWIK TRIP #603, Wilson, WI, USA"
4996,ZIP TRIP #54,"I-90, EXIT 452",Billings,MT,780,3.59066666,45.7874957,-108.49607,success,"I-90, EXIT 452, Billings, MT, USA"
5003,TRAILWAY TRUCK STOP,US-301/SR-304,Centreville,MD,22,3.259,39.0420588,-76.0674344,success,"TRAILWAY TRUCK STOP, Centreville, MD, USA"
5006,SUNOCO,US-1/US-9,Linden,NJ,79,3.799,40.6076143,-74.2408908,success,"SUNOCO, Linden, NJ, USA"
5024,I 55 MOTOR PLAZA,"I-55,  EXIT 180",Pevely,MO,540,2.99066666,38.2833879,-90.3951204,success,"I 55 MOTOR PLAZA, Pevely, MO, USA"
5030,YESWAY #1030,US-63 & E MARY ST,Ottumwa,IA,320,3.399,41.0084432,-92.4195811,success,"YESWAY #1030, Ottumwa, IA, USA"
5044,TA MOUNT VERNON TRAVEL CENTER,"I-44, EXIT 46 & SR-39/SR265",Mount Vernon,MO,535,3.409,37.1036666,-93.8185401,success,"TA MOUNT VERNON TRAVEL CENTER, Mount Vernon, MO, USA"
5050,ROCK PORT TRUCK PLAZA,"I-29 & US-136, EXIT 110",Rock Port,MO,400,3.099,40.4111122,-95.5169286,success,"ROCK PORT TRUCK PLAZA, Rock Port, MO, USA"
5056,TREX MART #16,"I-35, EXIT, 61 & US-69",Winston,MO,276,3.119,39.8700035,-94.139947,success,"TREX MART #16, Winston, MO, USA"
5057,PHILLIPS 66,"I-35, EXIT 54 & I-35 BUS/US-36",Cameron,MO,276,3.099,39.7412703,-94.2384482,success,"PHILLIPS 66, Cameron, MO, USA"
5060,CRAZY FREDS TRUCK SHOP,"I-40, EXIT 44 & US-66",Kingman,AZ,910,3.539,35.1895921,-114.0532996,success,"CRAZY FREDS TRUCK SHOP, Kingman, AZ, USA"
5064,CLARK OIL #44,"I-59, EXIT 97",Laurel,MS,620,2.879,31.6925181,-89.1311207,success,"CLARK OIL #44, Laurel, MS, USA"
5079,FASTLANE TAYLOR 63,US-61 & SR-6,Taylor,MO,494,3.01566666,39.162563,-91.902933,success,"FASTLANE TAYLOR 63, Taylor, MO, USA"
5085,K AN T TRUCKSTOP,"I-79, EXIT 137 & SR-310",Fairmont,WV,165,3.399,39.484898,-80.1426539,success,"K AN T TRUCKSTOP, Fairmont, WV, USA"
5111,CIRCLE K #2723385,"I-59, EXIT 67 & US-49/SR-42",Hattiesburg,MS,620,3.149,31.3787366,-89.3651105,success,"CIRCLE K #2723385, Hattiesburg, MS, USA"
5117,CIRCLE K #4702361,"I-65, EXIT 130 & SR-334",Whitestown,IN,375,3.29233333,39.949599,-86.347839,success,"CIRCLE K #4702361, Whitestown, IN, USA"
5128,CASEYS #2769,"I-80, EXIT 220 & SR-149",Williamsburg,IA,380,3.14233333,41.6604009,-92.007971,success,"CASEYS #2769, Williamsburg, IA, USA"
5131,TRAILS END TRUCK STOP,"I-29, EXIT 110 & US-136",Rock Port,MO,486,3.40566666,40.406259,-95.5576962,success,"TRAILS END TRUCK STOP, Rock Port, MO, USA"
5132,Travel Centers of America,"I-44, EXIT 208 & SR-19",Cuba,MO,574,3.26566666,38.063021,-91.4032473,success,"Travel Centers of America, Cuba, MO, USA"
5160,FUEL MART #727,"I-70, EXIT 193",Quaker City,OH,249,3.16566666,39.9700707,-81.2992798,success,"FUEL MART #727, Quaker City, OH, USA"
5163,Blue Sky #733,"US-78, EXIT 81 & SR-178",Belden,MS,742,2.939,34.3103831,-88.7883888,success,"Blue Sky #733, Belden, MS, USA"
5165,ONE9 #046,"I-65, EXIT 6 & SR-100",Franklin,KY,415,3.08566666,36.7159806,-86.5258483,success,"ONE9 #046, Franklin, KY, USA"
5167,SPEEDWAY #7575,"I-65, EXIT 255",Hobart,IN,290,3.63233333,41.4702732,-87.2594535,success,"SPEEDWAY #7575, Hobart, IN, USA"
5170,FLYING J #516,"I-76, EXIT 161 & I-70",Breezewood,PA,14,5.099,39.9967669,-78.2368316,success,"FLYING J #516, Breezewood, PA, USA"
5183,PETRO STOPPING CENTER #74,I-95 & EXIT 106,Kenly,NC,205,3.709,35.5959363,-78.1240031,success,"PETRO STOPPING CENTER #74, Kenly, NC, USA"
5191,NORTH POINT PLAZA,"I-90 & I-94, EXIT 115",Poynette,WI,420,3.17233333,42.4912432,-87.8030069,success,"NORTH POINT PLAZA, Poynette, WI, USA"
5202,Chevron #306185,US-30,Montpelier,ID,825,3.699,47.6774552,-116.7887607,success,"Chevron #306185, Montpelier, ID, USA"
5203,OASIS TRAVEL CENTER,"I-10, EXIT 53",Robertsdale,AL,715,3.469,30.5552959,-87.7109526,success,"OASIS TRAVEL CENTER, Robertsdale, AL, USA"
5207,JJ TRAVEL PLAZA,"I-70, EXIT 70 & US-83",Oakley,KS,525,3.61566666,39.126385,-100.855611,success,"JJ TRAVEL PLAZA, Oakley, KS, USA"
5227,PILOT TRAVEL CENTERS #900,"I-95, EXIT 75",Dunn,NC,205,3.709,35.3076902,-78.6093257,success,"PILOT TRAVEL CENTERS #900, Dunn, NC, USA"
5230,ONE9 #496,"I-80, EXIT 265",Atalissa,IA,270,3.01566666,41.5711357,-91.1659888,success,"ONE9 #496, Atalissa, IA, USA"
5232,CM EUNICE,US-190,Eunice,LA,730,3.399,30.4932558,-92.4148545,success,"CM EUNICE, Eunice, LA, USA"
5234,SINCLAIR,SR-37,Monett,MO,277,3.29066666,36.9215543,-93.9231864,success,"SINCLAIR, Monett, MO, USA"
5236,FLYING J #875,"I-95,  EXIT 109",Elkton,MD,243,4.199,39.6383458,-75.8059623,success,"FLYING J #875, Elkton, MD, USA"
5245,CASEYS #3842,US-36 & US-283,Norton,KS,357,3.15733333,39.833895,-99.891511,success,"CASEYS #3842, Norton, KS, USA"
5247,EDGERTON TRAVEL PLAZA,"I-90, EXIT 160 & US-51",Edgerton,WI,420,3.199,42.8334758,-89.0693988,success,"EDGERTON TRAVEL PLAZA, Edgerton, WI, USA"
5249,Taylor's Stateline Travel Center,US-67 & SR-278,Neelyville,MO,275,2.999,36.561713,-90.5061465,success,"Taylor's Stateline Travel Center, Neelyville, MO, USA"
5254,TA CANDLER TRAVEL CENTER,"I-40, EXIT 37",Candler,NC,210,3.799,35.5444359,-82.6838032,success,"TA CANDLER TRAVEL CENTER, Candler, NC, USA"
5255,7-ELEVEN #35788,"I-35, EXIT 215",Olathe,KS,400,3.339,38.9116171,-94.7674686,success,"7-ELEVEN #35788, Olathe, KS, USA"
5258,PT TRUCK STOP,"I-12, EXIT 42",Hammond,LA,623,3.249,30.443578,-91.244782,success,"PT TRUCK STOP, Hammond, LA, USA"
5282,CASEYS #3548,US-54 & US-61,Pratt,KS,357,3.14066666,37.6439071,-98.7375911,success,"CASEYS #3548, Pratt, KS, USA"
5285,TULLO TRUCK STOP,"I-95, EXIT 15E & US-1/US-9",Kearny,NJ,79,3.799,40.7314845,-74.1099854,success,"TULLO TRUCK STOP, Kearny, NJ, USA"
5297,ERNIES TRUCK STOP,"I-90,  EXIT 179 & I-90 BUS/SR-17",Moses Lake,WA,920,3.999,47.1301417,-119.278077,success,"ERNIES TRUCK STOP, Moses Lake, WA, USA"
5299,Sudden Service #62,"I-65, EXIT 6 & SR-100",Franklin,KY,460,3.084,36.7151375,-86.5189712,success,"Sudden Service #62, Franklin, KY, USA"
5302,ONE9 #258,"I-81, EXIT 150 & US-220 ALT & US-11",Troutville,VA,185,3.03233333,37.38873,-79.900761,success,"ONE9 #258, Troutville, VA, USA"
5306,PILOT TRAVEL CENTERS #11,"I-76, EXIT 232",North Lima,OH,573,3.799,40.9482165,-80.658496,success,"PILOT TRAVEL CENTERS #11, North Lima, OH, USA"
5309,NEWBORN TRUCK STOP,I-20 EXIT 5,Tallapoosa,GA,48,3.40733333,33.7442912,-85.2879889,success,"NEWBORN TRUCK STOP, Tallapoosa, GA, USA"
5310,FLYING J #576,"I-35, EXIT 69",Northfield,MN,515,3.859,44.4704974,-93.2955098,success,"FLYING J #576, Northfield, MN, USA"
5324,HY-MILER #2245,SR-53,Fremont,OH,550,3.38233333,41.3473413,-83.1134972,success,"HY-MILER #2245, Fremont, OH, USA"
5341,KWIK STAR #1160,"US-75, EXIT 118 & SR-3",Le Mars,IA,408,3.299,42.7885727,-96.1743137,success,"KWIK STAR #1160, Le Mars, IA, USA"
5349,JET FOOD STORE #17,US-1/SR=4/SR-540 & US-220/SR-47,Wrens,GA,135,3.41566666,33.2076456,-82.391792,success,"JET FOOD STORE #17, Wrens, GA, USA"
5363,SPEEDWAY #6767,"I-75, EXIT 20",Manheim,PA,70,4.499,40.150541,-76.3817024,success,"SPEEDWAY #6767, Manheim, PA, USA"
5389,FLYING J TRAVEL PLAZA #744,"I-15, EXIT 343",Ogden,UT,835,3.749,41.2230048,-111.9738429,success,"FLYING J TRAVEL PLAZA #744, Ogden, UT, USA"
5391,PWI #605,"I-10, EXIT 378",San Simon,AZ,640,2.959,32.2665117,-109.2270613,success,"PWI #605, San Simon, AZ, USA"
5399,FLYING J TRAVEL PLAZA #750,"I-81 & I-77, EXIT 80",Max Meadows,VA,185,3.549,36.97166,-80.9503639,success,"FLYING J TRAVEL PLAZA #750, Max Meadows, VA, USA"
5407,CASEYS #4535,US 81,Concordia,KS,570,2.91233333,39.571543,-97.661141,success,"CASEYS #4535, Concordia, KS, USA"
5414,One9 #1216,"I-10 ,EXIT 200 & SR-84",Eloy,AZ,930,3.199,32.7551703,-111.553493,success,"One9 #1216, Eloy, AZ, USA"
5419,USA TRAVEL CENTER,"I-40, EXIT 48 & US-93",Kingman,AZ,910,3.399,35.1924515,-114.0705136,success,"USA TRAVEL CENTER, Kingman, AZ, USA"
5422,K AND H TRUCK PLAZA,"I-57, EXIT 283 & US-24",Gilman,IL,290,3.159,40.7667015,-87.992262,success,"K AND H TRUCK PLAZA, Gilman, IL, USA"
5424,WK TRUCK STOP,"US-231 & SR-9001, EXIT 75",Beaver Dam,KY,340,3.399,37.3685435,-86.8454485,success,"WK TRUCK STOP, Beaver Dam, KY, USA"
5435,MEADE AUTO AND TRUCK PLAZA,US-54,Meade,KS,525,3.799,37.2855796,-100.340145,success,"MEADE AUTO AND TRUCK PLAZA, Meade, KS, USA"
5436,PARKWAY MARATHON,"US-79, EXIT 94",Caneyville,KY,415,3.73233333,37.4242184,-86.4883148,success,"PARKWAY MARATHON, Caneyville, KY, USA"
5446,PETRO STOPPING CENTER #308,"I-20, EXIT 8 & SR-526",Shreveport,LA,745,3.17566666,32.5135356,-93.7477839,success,"PETRO STOPPING CENTER #308, Shreveport, LA, USA"
5462,BOOZER KWIK STOP,"I-15, EXIT 118",Idaho Falls,ID,825,3.44733333,43.492904,-112.035234,success,"BOOZER KWIK STOP, Idaho Falls, ID, USA"
5464,PILOT TRAVEL CENTERS #48,"I-65, EXIT 86",Glendale,KY,415,3.609,37.6017278,-85.9055189,success,"PILOT TRAVEL CENTERS #48, Glendale, KY, USA"
5474,One9 #88,"I-95/SR-9, EXIT 201 & SR-520",Cocoa,FL,143,3.37566666,28.359128,-80.792181,success,"One9 #88, Cocoa, FL, USA"
5477,CHEVRON #383766,"I-5, EXIT 216",Halsey,OR,935,3.099,44.3796117,-123.110065,success,"CHEVRON #383766, Halsey, OR, USA"
5479,PILOT TRAVEL CENTERS #94,"I-75, EXIT 161",Punta Gorda,FL,225,3.799,26.9351529,-82.0512058,success,"PILOT TRAVEL CENTERS #94, Punta Gorda, FL, USA"
5491,49ER FUEL CENTER,"I-75, EXIT 49",East Bernstadt,KY,410,2.999,37.1895318,-84.1177098,success,"49ER FUEL CENTER, East Bernstadt, KY, USA"
5492,BFS FOODS #68,"I-70, EXIT 3",Hancock,MD,22,4.129,39.6994024,-78.1820972,success,"BFS FOODS #68, Hancock, MD, USA"
5522,ONE9 #301,"I-55,  EXIT 40",Marston,MO,275,3.109,36.51854,-89.597919,success,"ONE9 #301, Marston, MO, USA"
5523,TA LIMON TRAVEL CENTER,"I-70, EXIT 359 & US-24",Limon,CO,800,3.92066666,39.2631651,-103.6877736,success,"TA LIMON TRAVEL CENTER, Limon, CO, USA"
5529,FLYING J #549,"I-77, EXIT 100 & 101",Mount Airy,NC,65,3.599,36.4865233,-80.7466122,success,"FLYING J #549, Mount Airy, NC, USA"
5537,HUCKS TRAVEL CENTER #51 DBA FLYING J #889,"I-57/I-64, EXIT 95 & SR-15",Mount Vernon,IL,574,3.459,38.3172715,-88.9031201,success,"HUCKS TRAVEL CENTER #51 DBA FLYING J #889, Mount Vernon, IL, USA"
5554,Southfork TRUCK STOP,"I-30, EXIT 63 & SR-53",Gurdon,AR,635,3.459,33.9182285,-93.1488168,success,"Southfork TRUCK STOP, Gurdon, AR, USA"
5560,MIDWAY TRAVEL PLAZA,I-70 EXIT 121 & US-40,Columbia,MO,310,3.539,38.9733365,-92.4337082,success,"MIDWAY TRAVEL PLAZA, Columbia, MO, USA"
5569,TA EXPRESS NORWOOD #0450,US-60,Norwood,MO,535,3.449,37.1107625,-92.4203489,success,"TA EXPRESS NORWOOD #0450, Norwood, MO, USA"
5570,PETRO STOPPING CENTER #310,"I-12, EXIT 40 & US-51 BUS",Hammond,LA,725,3.249,41.563105,-87.354472,success,"PETRO STOPPING CENTER #310, Hammond, LA, USA"
5579,SAPP BROS TRAVEL CENTER,US-30,Columbus,NE,486,3.219,41.437732,-97.321615,success,"SAPP BROS TRAVEL CENTER, Columbus, NE, USA"
5592,TA COLUMBIA NORTH,"I-20, EXIT 71 & US-21",Columbia,SC,46,3.439,34.0209096,-81.0419087,success,"TA COLUMBIA NORTH, Columbia, SC, USA"
5597,CM LAKE CHARLES FUEL STOP 36,"I-10, EXIT 36 & SR-397",Lake Charles,LA,690,3.299,30.2305095,-93.2169807,success,"CM LAKE CHARLES FUEL STOP 36, Lake Charles, LA, USA"
5601,BP,"I-24, EXIT 16",Paducah,KY,490,3.429,37.0768144,-88.6845776,success,"BP, Paducah, KY, USA"
5603,TA NORTH CANTON TRAVEL CENTER,"I-77, EXIT 111",North Canton,OH,249,3.624,40.875891,-81.4023356,success,"TA NORTH CANTON TRAVEL CENTER, North Canton, OH, USA"
5606,FLYING J #511,"I-94, EXIT 147",Mandan,ND,273,3.95233333,46.826415,-100.889704,success,"FLYING J #511, Mandan, ND, USA"
5607,RICE MART,"I-45 & FM 1603, EXIT 238",Rice,TX,630,3.019,32.2437586,-96.4985967,success,"RICE MART, Rice, TX, USA"
5608,SHOP A LOTT  #3,US-84 & US-171,Mansfield,LA,766,3.13566666,31.7258733,-93.162274,success,"SHOP A LOTT  #3, Mansfield, LA, USA"
5613,CHEVRON #381108,"I-82, EXIT 36",Yakima,WA,925,3.999,46.584878,-120.478005,success,"CHEVRON #381108, Yakima, WA, USA"
5618,MCCLURE OIL #52,"I-65/US-52, EXIT 140 & SR-32",Lebanon,IN,375,3.584,40.0483744,-86.4691677,success,"MCCLURE OIL #52, Lebanon, IN, USA"
5649,Fast Stop,"I-10, EXIT 182 & SR-22",Sorrento,LA,623,3.699,30.1843642,-90.8592632,success,"Fast Stop, Sorrento, LA, USA"
5651,LOVES TRAVEL STOP #303,"I-64, EXIT 43 & SR-395",Waddy,KY,415,3.749,38.151406,-85.069027,success,"LOVES TRAVEL STOP #303, Waddy, KY, USA"
5659,TEX-BEST #526,US-59 & US-281,George West,TX,625,3.299,28.3272208,-98.1135928,success,"TEX-BEST #526, George West, TX, USA"
5660,Pride Convenience Store,"I-90, EXIT 51 & I-291",Chicopee,MA,100,3.509,42.1487691,-72.6071119,success,"Pride Convenience Store, Chicopee, MA, USA"
5661,TA Express #287,"I-40, EXIT 288 & SR-111",Cookeville,TN,460,3.299,36.1623886,-85.4997057,success,"TA Express #287, Cookeville, TN, USA"
5667,PILOT TRAVEL CENTERS #393,"I-40, EXIT 24 & SR-209",Waynesville,NC,210,3.759,35.4887476,-82.9888725,success,"PILOT TRAVEL CENTERS #393, Waynesville, NC, USA"
5669,KWIK TRIP #497,I-90 EXIT 266 & CR-12,Dakota,MN,515,3.474,43.9240838,-91.4382837,success,"KWIK TRIP #497, Dakota, MN, USA"
5670,TA MOUNT VERNON TRAVEL CENTER,"I-57 & I-64, EXIT 95",Mount Vernon,IL,574,3.449,38.312952,-88.961703,success,"TA MOUNT VERNON TRAVEL CENTER, Mount Vernon, IL, USA"
5674,TA MADISON TRAVEL CENTER,"I-20, EXIT 114 & US-441",Madison,GA,16,3.89066666,33.5523685,-83.4747933,success,"TA MADISON TRAVEL CENTER, Madison, GA, USA"
5677,YESWAY #1178,CR-13,Kadoka,SD,506,3.189,43.8530765,-101.4837458,success,"YESWAY #1178, Kadoka, SD, USA"
5691,Pilot Travel Center #666,"I-94, EXIT 30",Benton Harbor,MI,465,3.059,42.089061,-86.412473,success,"Pilot Travel Center #666, Benton Harbor, MI, USA"
5700,BEACON & BRIDGE #18,US-131 BUS,Big Rapids,MI,456,3.559,43.698078,-85.483656,success,"BEACON & BRIDGE #18, Big Rapids, MI, USA"
5718,TOOT N TOTUM #104,US-287,Dalhart,TX,585,3.199,36.0643939,-102.5207946,success,"TOOT N TOTUM #104, Dalhart, TX, USA"
5721,TA BALTIMORE SOUTH TRAVEL CENTER,"I-95, EXIT 41A & SR-175 & US-1",Jessup,MD,22,4.599,39.1492746,-76.7752493,success,"TA BALTIMORE SOUTH TRAVEL CENTER, Jessup, MD, USA"
5729,MENOMONIE FARMERS UNION,"I-94, EXIT 45 & CR-B",Menomonie,WI,295,3.649,44.8765289,-91.9278716,success,"MENOMONIE FARMERS UNION, Menomonie, WI, USA"
5730,SCOTTS QUICK STOP,SR-53 & SR-46,Marlette,MI,342,3.399,43.4150169,-83.0876877,success,"SCOTTS QUICK STOP, Marlette, MI, USA"
5739,PILOT TRAVEL CENTERS #284,"I-75, EXIT 18",Monroe,MI,325,3.399,41.9145037,-83.3968252,success,"PILOT TRAVEL CENTERS #284, Monroe, MI, USA"
5751,TA LAKE PARK TRAVEL CENTER,"I-75,  EXIT 2",Lake Park,GA,20,3.31566666,30.6828653,-83.1798644,success,"TA LAKE PARK TRAVEL CENTER, Lake Park, GA, USA"
5754,ROAD TRIP OASIS PERRY,"I-69, EXIT 105 & SR-52",Perry,MI,406,3.799,42.8264205,-84.2194127,success,"ROAD TRIP OASIS PERRY, Perry, MI, USA"
5758,SPEEDY Q MARKET #8206,"I-94, EXIT 274",Port Huron,MI,325,3.899,42.9891854,-82.4486196,success,"SPEEDY Q MARKET #8206, Port Huron, MI, USA"
5770,Kwik Trip # 1281,"I-43, EXIT 107",Belgium,WI,444,3.25566666,43.4997212,-87.850367,success,"Kwik Trip # 1281, Belgium, WI, USA"
5771,DUNES AUTO TRUCK PLAZA,"I-94, EXIT 12",Sawyer,MI,465,3.499,41.8853207,-86.5894666,success,"DUNES AUTO TRUCK PLAZA, Sawyer, MI, USA"
5774,PJ TRAVEL PLAZA,"I-80, EXIT 192 & SR-880",Loganton,PA,138,3.479,41.0347015,-77.3066113,success,"PJ TRAVEL PLAZA, Loganton, PA, USA"
5780,BILLS TRUCKSTOP,"I-85, EXIT 86",Linwood,NC,65,3.449,35.7506938,-80.3178306,success,"BILLS TRUCKSTOP, Linwood, NC, USA"
5799,STAPLES OIL,"I-90, EXIT 146",Alden,MN,425,3.299,43.6703382,-93.5761961,success,"STAPLES OIL, Alden, MN, USA"
5801,TA WYTHEVILLE TRAVEL CENTER,"I-81, EXIT 72 & I-77, EXIT 41",Wytheville,VA,185,3.519,36.9479966,-81.0869747,success,"TA WYTHEVILLE TRAVEL CENTER, Wytheville, VA, USA"
5821,TA PORTLAND TRAVEL CENTER,"I-5,  EXIT 278",Aurora,OR,935,4.03233333,45.2310497,-122.755035,success,"TA PORTLAND TRAVEL CENTER, Aurora, OR, USA"
5823,ENMARKET #863,"I-95, EXIT 8 & SR-88",Hardeeville,SC,195,3.08233333,32.3117551,-81.0563512,success,"ENMARKET #863, Hardeeville, SC, USA"
5830,115 TRUCKSTOP #5001,"I-94, EXIT 115",Marshall,MI,431,3.429,42.2721367,-84.9642008,success,"115 TRUCKSTOP #5001, Marshall, MI, USA"
5842,PETRO STOPPING CENTER #6367,"I-57,  EXIT 335",Monee,IL,290,3.459,41.4203482,-87.7447556,success,"PETRO STOPPING CENTER #6367, Monee, IL, USA"
5860,SPEEDWAY #4610,"I-35, EXIT 59 & SR-21",Faribault,MN,448,3.759,44.3176155,-93.2952042,success,"SPEEDWAY #4610, Faribault, MN, USA"
5873,SOUTHERN VALLEY COOP,ST 14 BYPASS,Mankato,MN,425,3.499,44.1658533,-94.0028013,success,"SOUTHERN VALLEY COOP, Mankato, MN, USA"
5901,ROTHSAY TRUCK STOP,"I-94, EXIT 38",Rothsay,MN,341,3.209,46.4739548,-96.2808631,success,"ROTHSAY TRUCK STOP, Rothsay, MN, USA"
5903,Circle K #2746447,I-94/US-52 EXIT 127 & US-71/SR-28,Sauk Centre,MN,250,3.189,45.7377454,-94.9523889,success,"Circle K #2746447, Sauk Centre, MN, USA"
5907,SPEEDWAY #4035,CR-101,Shakopee,MN,448,3.599,44.7806908,-93.5060832,success,"SPEEDWAY #4035, Shakopee, MN, USA"
5909,SINCLAIR,"I-90, EXIT 233",Saint Charles,MN,515,3.529,43.9489924,-92.0665384,success,"SINCLAIR, Saint Charles, MN, USA"
5927,HARRISONBURG TRAVEL CENTER,"I-81,  EXIT 243 & US-11",Harrisonburg,VA,185,2.899,38.4493315,-78.8688833,success,"HARRISONBURG TRAVEL CENTER, Harrisonburg, VA, USA"
5935,WESTHAMPTON VALERO,I-295 EXIT 47A,Mount Holly,NJ,160,3.329,39.9928898,-74.7876624,success,"WESTHAMPTON VALERO, Mount Holly, NJ, USA"
5942,EXPRESS MART TRUCK STOP,"I-55, EXIT 185 & US-67/US-61",Barnhart,MO,540,2.99733333,38.344221,-90.3934532,success,"EXPRESS MART TRUCK STOP, Barnhart, MO, USA"
5944,LAKE MILLS TRAVEL PLAZA,"I-94, EXIT 259 & SR- 89/CR-G",Lake Mills,WI,420,3.36066666,43.0798032,-88.9125723,success,"LAKE MILLS TRAVEL PLAZA, Lake Mills, WI, USA"
5946,PILOT TRAVEL CENTERS #918,I-90 EXIT 55,Rapid City,SD,506,3.999,44.1126648,-103.2731003,success,"PILOT TRAVEL CENTERS #918, Rapid City, SD, USA"
5949,EXXON,US-59 & LOOP 151,Texarkana,TX,723,3.16566666,33.4404071,-94.0877482,success,"EXXON, Texarkana, TX, USA"
5951,ROAD RANGER #157,I-64 EXIT 41,Okawville,IL,540,3.799,38.4362243,-89.5345698,success,"ROAD RANGER #157, Okawville, IL, USA"
5963,OZONA ONE STOP,"I-10, EXIT 372",Ozona,TX,710,2.98233333,30.7103053,-101.203296,success,"OZONA ONE STOP, Ozona, TX, USA"
5965,TRUCK TOWNE,I-29 EXIT 47 & SR-46,Beresford,SD,572,3.159,43.0806132,-96.7742341,success,"TRUCK TOWNE, Beresford, SD, USA"
5971,WACO TRAVEL CENTER,SR-19,Perry,FL,20,3.699,30.0865527,-83.571737,success,"WACO TRAVEL CENTER, Perry, FL, USA"
5979,TA LAFAYETTE TRAVEL CENTER,"I-10 & SR-182, EXIT 101",Lafayette,LA,600,3.134,30.2262187,-92.0178202,success,"TA LAFAYETTE TRAVEL CENTER, Lafayette, LA, USA"
5980,THRIFT MART TRUCK PLAZA,"I-85/US-460, EXIT 63A & US-1/US-460 BUS",Petersburg,VA,180,3.199,37.227928,-77.4019268,success,"THRIFT MART TRUCK PLAZA, Petersburg, VA, USA"
5990,360 TRUCK STOP,US-360,Amelia Court House,VA,180,3.599,37.357651,-77.874752,success,"360 TRUCK STOP, Amelia Court House, VA, USA"
5996,Fast Stop Travel Centers #1134,"I-80/US-30, EXIT 99 & US-191/SR-373",Rock Springs,WY,827,3.499,41.5860557,-109.2194544,success,"Fast Stop Travel Centers #1134, Rock Springs, WY, USA"
5999,PILOT TRAVEL STOP #492,"I-30, EXIT 78 & SR-7",Arkadelphia,AR,635,3.559,36.1764796,-94.1931455,success,"PILOT TRAVEL STOP #492, Arkadelphia, AR, USA"
6001,ALLSUPS #2392,US-70 & US-285,Roswell,NM,700,3.199,33.3943282,-104.5229518,success,"ALLSUPS #2392, Roswell, NM, USA"
6009,CASEYS #2652,US-65 & US-36,Chillicothe,MO,400,3.289,39.8167705,-93.5530419,success,"CASEYS #2652, Chillicothe, MO, USA"
6010,SEGOVIA TRUCK STOP,"I-10, EXIT 465",Junction,TX,739,2.999,30.4173939,-99.6722989,success,"SEGOVIA TRUCK STOP, Junction, TX, USA"
6018,TA BLOOMINGTON TRAVEL CENTER,"I-55, I-74 & I-39 , EXIT 160",Bloomington,IL,280,3.619,40.4797828,-88.9939147,success,"TA BLOOMINGTON TRAVEL CENTER, Bloomington, IL, USA"
6033,EMERY'S,US-54,Deerfield,MO,277,3.349,37.84043,-94.5014324,success,"EMERY'S, Deerfield, MO, USA"
6037,CRYSTAL OIL,"I-129/US-20/US-75,  EXIT 2",South Sioux City,NE,527,3.549,42.4449,-96.4146294,success,"CRYSTAL OIL, South Sioux City, NE, USA"
6041,COCKERHAM FUEL CENTER #4,"I-77, EXIT 14 & US-58/US-221",Hillsville,VA,185,3.28233333,36.7444089,-80.7744604,success,"COCKERHAM FUEL CENTER #4, Hillsville, VA, USA"
6047,FAST LANE #26,US-61,Eolia,MO,494,3.099,39.2358794,-91.0081918,success,"FAST LANE #26, Eolia, MO, USA"
6051,CIRCLE K #2709846,"I-25, EXIT 240",Longmont,CO,800,3.05733333,40.1518702,-105.1008091,success,"CIRCLE K #2709846, Longmont, CO, USA"
6057,PILOT TRAVEL CENTER #903,"I-70/US-40, EXIT 252",Salina,KS,523,3.759,38.8748235,-97.6102915,success,"PILOT TRAVEL CENTER #903, Salina, KS, USA"
6058,MOTOR INN AUTO TRUCK STOP,I-75 EXIT 110,Mendon,OH,370,3.199,40.673381,-84.5188439,success,"MOTOR INN AUTO TRUCK STOP, Mendon, OH, USA"
6068,AYERCO #24,US-61 & CR MM,Hannibal,MO,494,3.099,39.6852122,-91.4038668,success,"AYERCO #24, Hannibal, MO, USA"
6082,Palmetto Truck Plaza,US-27/SR-25 & SR-826,Hialeah,FL,95,3.399,25.8267775,-80.2814009,success,"Palmetto Truck Plaza, Hialeah, FL, USA"
6083,BP,"I-35, EXIT 33",Holt,MO,400,3.049,39.4594651,-94.3237478,success,"BP, Holt, MO, USA"
6087,BREAK TIME #3173,US-54 & CR-HH,Fulton,MO,310,3.299,38.8467082,-91.9479586,success,"BREAK TIME #3173, Fulton, MO, USA"
6093,ONE9 #901,"I-80 & US-183, EXIT 257",Elm Creek,NE,330,2.96566666,40.692112,-99.38165,success,"ONE9 #901, Elm Creek, NE, USA"
6096,Waverly Travel Center,US-23,Waverly,OH,315,3.41566666,39.126735,-82.9854553,success,"Waverly Travel Center, Waverly, OH, USA"
6097,SAPP BROS TRAVEL CENTER,"I-80, EXIT 263",Elm Creek,NE,330,3.18733333,40.678169,-99.256627,success,"SAPP BROS TRAVEL CENTER, Elm Creek, NE, USA"
6106,TA HUNTINGTON,"I-84, EXIT 353",Huntington,OR,982,3.639,44.3511565,-117.2663408,success,"TA HUNTINGTON, Huntington, OR, USA"
6111,HAWGS EXXON,US-167/SR-25,Batesville,AR,418,3.359,35.7708144,-91.6531128,success,"HAWGS EXXON, Batesville, AR, USA"
6150,CIRCLE K #2723707,"I-81,  EXIT 150",Troutville,VA,65,3.06566666,37.4181901,-79.8747687,success,"CIRCLE K #2723707, Troutville, VA, USA"
6154,TA MOBILE TRAVEL CENTER,"I-10,  EXIT 4",Grand Bay,AL,715,3.13566666,30.4763084,-88.3422303,success,"TA MOBILE TRAVEL CENTER, Grand Bay, AL, USA"
6164,PILOT TRAVEL CENTER #268,"I-80/US-6, EXIT 284",Walcott,IA,270,3.859,41.6196144,-90.7853492,success,"PILOT TRAVEL CENTER #268, Walcott, IA, USA"
6165,TEMP STOP #117,I-70 & GRAIN VALLEY RD EXIT 24,Grain Valley,MO,400,2.959,39.0187651,-94.1976452,success,"TEMP STOP #117, Grain Valley, MO, USA"
6167,PILOT TRAVEL CENTERS #167,US-71,Nevada,MO,277,3.49566666,37.8352404,-94.3252971,success,"PILOT TRAVEL CENTERS #167, Nevada, MO, USA"
6172,SPEEDWAY #2319,"I-96, EXIT 77",Portland,MI,431,3.699,42.8616558,-84.886738,success,"SPEEDWAY #2319, Portland, MI, USA"
6173,PILOT TRAVEL CENTERS #21,"I-94, EXIT 167",Dexter,MI,325,3.659,42.0901301,-86.4122458,success,"PILOT TRAVEL CENTERS #21, Dexter, MI, USA"
6175,ONVO TRAVEL PLAZA - MIFFLINTOWN,US-322/US-22 & SR-35,Mifflintown,PA,138,3.479,40.5697996,-77.3969339,success,"ONVO TRAVEL PLAZA - MIFFLINTOWN, Mifflintown, PA, USA"
6179,HENDERSON TRAVEL PLAZA,"I-10, EXIT 115 & SR-347",Breaux Bridge,LA,690,3.38566666,30.2735323,-91.8992837,success,"HENDERSON TRAVEL PLAZA, Breaux Bridge, LA, USA"
6180,Circle #4703923,"I-24, EXIT 180B & US-27",Chattanooga,TN,285,2.78566666,35.0457219,-85.3094883,success,"Circle #4703923, Chattanooga, TN, USA"
6182,Exxon,"I-20, EXIT 205 & SR-46",Heflin,AL,587,3.01566666,33.6489948,-85.5874584,success,"Exxon, Heflin, AL, USA"
6188,SIGNAL FOOD STORE #112,US-65 & SR-J,Ozark,MO,535,2.999,37.0207065,-93.2052833,success,"SIGNAL FOOD STORE #112, Ozark, MO, USA"
6198,DAVIS TRAVEL CENTER #102,"I-95/US-301, EXIT 33 & SR-602",Stony Creek,VA,180,3.06566666,36.977456,-77.39576,success,"DAVIS TRAVEL CENTER #102, Stony Creek, VA, USA"
6200,KWIK FILL #388,"I-80, EXIT 29 & SR-8",Harrisville,PA,165,3.404,41.1973191,-79.9754331,success,"KWIK FILL #388, Harrisville, PA, USA"
6206,PETRO PORTAGE,"I-90 & I-94, EXIT 108-A",Portage,WI,420,3.80733333,43.539494,-89.461334,success,"PETRO PORTAGE, Portage, WI, USA"
6212,MR FUEL,"I-55, EXIT 180",Pevely,MO,540,3.01566666,38.2858186,-90.4051919,success,"MR FUEL, Pevely, MO, USA"
6214,PIONEER Travel Plaza,"I-41, EXIT 60 & SR-145",Richfield,WI,444,3.21566666,43.256116,-88.1939819,success,"PIONEER Travel Plaza, Richfield, WI, USA"
6215,FUEL HUB,"I-87, EXIT 21B",West Coxsackie,NY,12,3.599,42.3506941,-73.8156808,success,"FUEL HUB, West Coxsackie, NY, USA"
6218,LOVES TRAVEL STOP #215,"I-40, EXIT 16 & US-40 BUS/US-66",Gallup,NM,580,3.43733333,35.5063887,-108.8341957,success,"LOVES TRAVEL STOP #215, Gallup, NM, USA"
6219,SCHATZ CROSSROADS,US-2 /US-52,Minot,ND,452,3.549,48.23251,-101.296273,success,"SCHATZ CROSSROADS, Minot, ND, USA"
6221,LOVES TRAVEL STOP #214,I-10 EXIT 37,El Paso,TX,640,3.07566666,31.659345,-106.237223,success,"LOVES TRAVEL STOP #214, El Paso, TX, USA"
6222,QUIKTRIP #236,"I-29/US-71, EXIT 18 & SR-92",Platte City,MO,400,2.999,39.3549303,-94.7665138,success,"QUIKTRIP #236, Platte City, MO, USA"
6227,MARLOWS FUEL CENTER,"I-20, EXIT 479",Dallas,TX,630,3.24066666,32.7762719,-96.7968559,success,"MARLOWS FUEL CENTER, Dallas, TX, USA"
6229,FUEL MART #764,"I-70, EXIT 66 & SR- 54",South Vienna,OH,315,3.129,39.9357287,-83.6112745,success,"FUEL MART #764, South Vienna, OH, USA"
6232,OASIS TRUCK STOP,"I-44 & SR-133, MM 145",Richland,MO,416,3.324,37.8569838,-92.4043396,success,"OASIS TRUCK STOP, Richland, MO, USA"
6242,TA FORISTELL TRAVEL CENTER,"I-70, EXIT 203",Foristell,MO,540,3.019,38.8150501,-90.955972,success,"TA FORISTELL TRAVEL CENTER, Foristell, MO, USA"
6243,GARDEN INN TRAVEL PLAZA,US-60/US-63,Cabool,MO,535,3.299,37.123941,-92.1012678,success,"GARDEN INN TRAVEL PLAZA, Cabool, MO, USA"
6251,BREAUX BRIDGE VALERO #1408,"I-10 & SR-347, EXIT 115",Breaux Bridge,LA,730,3.499,30.2735323,-91.8992837,success,"BREAUX BRIDGE VALERO #1408, Breaux Bridge, LA, USA"
6252,PILOT TRAVEL CENTERS #12,I-80 & I-90 EXIT 71,Perrysburg,OH,550,3.759,41.5571178,-83.6279321,success,"PILOT TRAVEL CENTERS #12, Perrysburg, OH, USA"
6258,CASEYS #6342,"I-29, EXIT 144 & US-169",Saint Joseph,MO,400,3.169,39.791174,-94.797238,success,"CASEYS #6342, Saint Joseph, MO, USA"
6271,TA DENTON TRAVEL CENTER,"I-35, EXIT 471 & US-77",Denton,TX,630,3.254,33.215038,-97.1330431,success,"TA DENTON TRAVEL CENTER, Denton, TX, USA"
6275,TA SEATTLE EAST TRAVEL CENTER,"I-90, EXIT 34",North Bend,WA,962,3.959,47.4957757,-121.784889,success,"TA SEATTLE EAST TRAVEL CENTER, North Bend, WA, USA"
6284,7-ELEVEN #40513,I-90/80-IN TOLL RD MM 22W,Portage,IN,365,3.999,41.5758708,-87.1761455,success,"7-ELEVEN #40513, Portage, IN, USA"
6286,APPLE MARKET #526,"I-64, EXIT 94",Winchester,KY,410,2.91566666,37.990079,-84.1796503,success,"APPLE MARKET #526, Winchester, KY, USA"
6290,FUEL KING NAPOLEON TRAVEL CENTER,"US-6/US-24/SR/CR-3, EXIT 41",Napoleon,OH,550,3.439,41.3922726,-84.1252243,success,"FUEL KING NAPOLEON TRAVEL CENTER, Napoleon, OH, USA"
6293,PETRO STOPPING CENTER #313,"I-40, EXIT 79",Milan,NM,580,3.57066666,35.1810309,-107.9038246,success,"PETRO STOPPING CENTER #313, Milan, NM, USA"
6296,GRAY TRUCK STOP,US-71/US-136,Maryville,MO,400,3.26566666,40.3460468,-94.8723858,success,"GRAY TRUCK STOP, Maryville, MO, USA"
6299,HWY 34 TRUCKSTOP,"US-34, EXIT 258",West Burlington,IA,345,3.374,40.825083,-91.1565496,success,"HWY 34 TRUCKSTOP, West Burlington, IA, USA"
6305,I-95 Fuel Stop,"I-95, EXIT 126 & US-17/US-1",Fredericksburg,VA,180,3.264,38.2340215,-77.5018919,success,"I-95 Fuel Stop, Fredericksburg, VA, USA"
6307,QUIKTRIP #608,"I-70, MID RIVERS MALL",Saint Peters,MO,540,2.904,38.8016838,-90.6221694,success,"QUIKTRIP #608, Saint Peters, MO, USA"
6308,Pilot Travel Centers #354,"I-64, EXIT 28",Simpsonville,KY,415,3.759,38.210294,-85.34809,success,"Pilot Travel Centers #354, Simpsonville, KY, USA"
6309,WINNERS CIRCLE #1,"I-30 & US-270, EXIT 98A",Malvern,AR,695,3.35233333,34.362999,-92.793588,success,"WINNERS CIRCLE #1, Malvern, AR, USA"
6310,CIRCLE K #2707515,US-27/SR-25 & US-98/US-700/SR-700/SR-66,Sebring,FL,140,3.389,27.4957453,-81.4410425,success,"CIRCLE K #2707515, Sebring, FL, USA"
6315,AYERCO #25,US-24,Taylor,MO,494,3.01566666,39.9381011,-91.5237663,success,"AYERCO #25, Taylor, MO, USA"
6318,Chisholm Corner #15,"I-35, EXIT 72 & US-19",Pauls Valley,OK,569,3.38733333,34.7392055,-97.218509,success,"Chisholm Corner #15, Pauls Valley, OK, USA"
6326,KANZA TRAVEL PLAZA,"I-35, EXIT 231 AND US-177",Braman,OK,500,3.02733333,36.9400183,-97.3437401,success,"KANZA TRAVEL PLAZA, Braman, OK, USA"
6327,PETRO STOPPING CENTER #312,"I-40 & I-75, EXIT 369",Knoxville,TN,405,3.42566666,35.9603948,-83.9210261,success,"PETRO STOPPING CENTER #312, Knoxville, TN, USA"
6330,TA EDINBURG TRAVEL CENTER,I-69C/US-281 & FM-2812,Edinburg,TX,639,3.01066666,26.3013982,-98.1624501,success,"TA EDINBURG TRAVEL CENTER, Edinburg, TX, USA"
6334,231 PLAZA AND TRUCK STOP,US-231/SR-75 & SR-20,Youngstown,FL,20,3.494,30.3643628,-85.4382568,success,"231 PLAZA AND TRUCK STOP, Youngstown, FL, USA"
6341,TA RAWLINS TRAVEL CENTER,"I-80, EXIT 214",Rawlins,WY,795,3.72233333,41.7907878,-107.239176,success,"TA RAWLINS TRAVEL CENTER, Rawlins, WY, USA"
6346,SPEEDWAY #4710,US-71/SR-60,Windom,MN,425,3.299,43.8663464,-95.1169366,success,"SPEEDWAY #4710, Windom, MN, USA"
6351,FLYING J TRAVEL PLAZA #608,"I-10, EXIT 1",Ehrenberg,AZ,930,3.959,33.6079331,-114.5197958,success,"FLYING J TRAVEL PLAZA #608, Ehrenberg, AZ, USA"
6356,CIRCLE K #2721536,ST 6 EAST,Batesville,MS,435,3.24066666,34.3095635,-89.933097,success,"CIRCLE K #2721536, Batesville, MS, USA"
6370,TA ROCKWALL TRAVEL CENTER,"I-30/US-67, EXIT 68 & SR-205",Rockwall,TX,630,3.13733333,32.9312336,-96.4597089,success,"TA ROCKWALL TRAVEL CENTER, Rockwall, TX, USA"
6374,TA ELGIN WEST TRAVEL CENTER,I-90 &  US-20,Hampshire,IL,290,3.459,42.0978028,-88.5303643,success,"TA ELGIN WEST TRAVEL CENTER, Hampshire, IL, USA"
6387,FLYING J FRANCHISE #966,"I-80, EXIT 229",Battle Mountain,NV,966,3.79233333,40.6414251,-116.9338287,success,"FLYING J FRANCHISE #966, Battle Mountain, NV, USA"
6391,TOOT N TOTUM #106,US-287,Dumas,TX,585,3.00566666,35.8726946,-101.9735771,success,"TOOT N TOTUM #106, Dumas, TX, USA"
6393,PILOT TRAVEL CENTER #478,"I-64, EXIT 92",Leavenworth,IN,415,3.959,38.2394607,-86.3629347,success,"PILOT TRAVEL CENTER #478, Leavenworth, IN, USA"
6401,CIRCLE K #2723457,"I-10, EXIT 34-B",Gulfport,MS,715,2.989,30.4489977,-89.0760138,success,"CIRCLE K #2723457, Gulfport, MS, USA"
6434,AMPRIDE ALL ROUND TRUCK STOP,US-20,Fort Dodge,IA,343,3.299,42.5044017,-94.1910044,success,"AMPRIDE ALL ROUND TRUCK STOP, Fort Dodge, IA, USA"
6441,GRAND OIL,"I-75, EXIT 41 & SR-80",London,KY,410,3.499,37.1283343,-84.0835576,success,"GRAND OIL, London, KY, USA"
6442,CLARK OIL #49,US-84,Laurel,MS,620,2.999,31.6925181,-89.1311207,success,"CLARK OIL #49, Laurel, MS, USA"
6448,CIRCLE K #2723392,"I-59, EXIT 97 & US-84",Laurel,MS,620,2.95233333,31.6983435,-89.1160212,success,"CIRCLE K #2723392, Laurel, MS, USA"
6462,ARCO #471770,US-281 & SR-5,Dunseith,ND,452,3.499,48.813057,-100.060968,success,"ARCO #471770, Dunseith, ND, USA"
6468,TA SAYRE TRAVEL CENTER,"I-40 & CEMETARY RD, EXIT 26",Sayre,OK,483,3.064,35.2979543,-99.6399648,success,"TA SAYRE TRAVEL CENTER, Sayre, OK, USA"
6480,FLYING J #934,"I-84, EXIT 265",La Grande,OR,982,3.53566666,45.3246068,-118.0878695,success,"FLYING J #934, La Grande, OR, USA"
6492,FLICKS,US-49,Richland,MS,760,2.999,32.2390366,-90.1584207,success,"FLICKS, Richland, MS, USA"
6496,SPEEDY EXPRESS #38,"I-35, EXIT 305",Mathis,TX,625,3.199,28.1064941,-97.8218209,success,"SPEEDY EXPRESS #38, Mathis, TX, USA"
6502,SQUAW CREEK TRAVEL PLAZA,"I-29, EXIT 79 & US-159",Forest City,MO,400,3.339,39.9824969,-95.1919204,success,"SQUAW CREEK TRAVEL PLAZA, Forest City, MO, USA"
6517,HARDYS #5,"I-80, EXIT 4   4",Wendover,UT,835,3.499,40.7375965,-114.0314197,success,"HARDYS #5, Wendover, UT, USA"
6518,TOWN PUMP FOOD STORE #310,"I-15, EXIT 164",Boulder,MT,816,3.559,46.236595,-112.120834,success,"TOWN PUMP FOOD STORE #310, Boulder, MT, USA"
6526,TULIP CITY TRUCK STOP,"I-196 & SR-40, EXIT 49",Holland,MI,344,3.739,42.7377137,-86.066242,success,"TULIP CITY TRUCK STOP, Holland, MI, USA"
6527,ZIP TRIP #50,"I-90, EXIT 426",Park City,MT,780,3.584,45.6327243,-108.9179269,success,"ZIP TRIP #50, Park City, MT, USA"
6547,FLYING J TRAVEL PLAZA #762,"I-90, EXIT 126 & SR-59",Gillette,WY,836,3.899,44.290635,-105.501876,success,"FLYING J TRAVEL PLAZA #762, Gillette, WY, USA"
6562,PILOT #1323,"I-29, EXIT 35",Faucett,MO,400,3.27233333,39.6006007,-94.801019,success,"PILOT #1323, Faucett, MO, USA"
6563,Road Ranger #282,"I-35, EXIT 500",Gainesville,TX,630,3.17566666,33.6695709,-97.1529724,success,"Road Ranger #282, Gainesville, TX, USA"
6564,FLYING J FRANCHISE #970,US-395,Pasco,WA,925,4.599,46.2306739,-119.0921,success,"FLYING J FRANCHISE #970, Pasco, WA, USA"
6565,TA Greeneville Travel Center,"I-81,  EXIT 36",Greeneville,TN,405,3.55233333,36.1631981,-82.8310464,success,"TA Greeneville Travel Center, Greeneville, TN, USA"
6567,YELLOWSTONE TRUCK SHOP,"I-90, EXIT 330",Livingston,MT,786,3.649,45.6623873,-110.5615899,success,"YELLOWSTONE TRUCK SHOP, Livingston, MT, USA"
6577,AC & T TRAVEL CENTER,"I-81, EXIT 5 W",Hagerstown,MD,70,3.659,39.6430455,-77.7191081,success,"AC & T TRAVEL CENTER, Hagerstown, MD, USA"
6578,PILOT TRAVEL CENTER #909- TOWN PUMP,"I-15 & US-2, EXIT 363",Shelby,MT,815,3.63566666,48.5122601,-111.8727102,success,"PILOT TRAVEL CENTER #909- TOWN PUMP, Shelby, MT, USA"
6588,TOWN PUMP FOOD STORE #4300,"I-90, EXIT 249",Whitehall,MT,786,3.659,45.87076,-112.097494,success,"TOWN PUMP FOOD STORE #4300, Whitehall, MT, USA"
6593,LITTLE AMERICA TRAVEL CENTER,"I-40, EXIT 198",Flagstaff,AZ,930,3.539,35.191237,-111.617347,success,"LITTLE AMERICA TRAVEL CENTER, Flagstaff, AZ, USA"
6607,TRANSIT TRUCK STOP,"I-97, EXIT 10",Millersville,MD,22,3.46566666,39.0595542,-76.6480219,success,"TRANSIT TRUCK STOP, Millersville, MD, USA"
6608,7-ELEVEN #35560,SR-16,Charlotte,NC,46,3.999,35.1197611,-80.8803623,success,"7-ELEVEN #35560, Charlotte, NC, USA"
6628,FLYING J TRAVEL PLAZA #682,"I-85, EXIT 150",Haw River,NC,65,3.94233333,36.091526,-79.3641862,success,"FLYING J TRAVEL PLAZA #682, Haw River, NC, USA"
6632,TA SAVANNAH TRAVEL CENTER,"I-95/SR-405,  EXIT 87 & US-17/SR-25",Richmond Hill,GA,195,3.35066666,31.9382381,-81.3035515,success,"TA SAVANNAH TRAVEL CENTER, Richmond Hill, GA, USA"
6633,BAKER TRUCK CORRAL,"I-84, EXIT 304",Baker City,OR,982,3.42566666,44.7810942,-117.8131221,success,"BAKER TRUCK CORRAL, Baker City, OR, USA"
6640,PETRO STOPPING CENTER JOHNSTOWN,"I-25, EXIT 254",Johnstown,CO,800,3.42733333,40.3350303,-104.9092844,success,"PETRO STOPPING CENTER JOHNSTOWN, Johnstown, CO, USA"
6642,TA VERO BEACH TRAVEL CENTER #197,"I-95/SR-9, EXIT 147 & SR-60",Vero Beach,FL,95,3.484,27.6387163,-80.3975399,success,"TA VERO BEACH TRAVEL CENTER #197, Vero Beach, FL, USA"
6646,FAMILY EXPRESS #35 (DISCOUNT AVAILABLE),"I-65, EXIT 215 & SR-114",Rensselaer,IN,365,3.13233333,40.9367045,-87.1508562,success,"FAMILY EXPRESS #35 (DISCOUNT AVAILABLE), Rensselaer, IN, USA"
6655,BP DBA TA ELKTON TRAVEL CENTER,"I-95,  EXIT 109B",Elkton,MD,150,4.969,39.6065073,-75.8330934,success,"BP DBA TA ELKTON TRAVEL CENTER, Elkton, MD, USA"
6659,GURNEE TRUCK STOP,US-41,Gurnee,IL,290,3.289,42.3702996,-87.9020186,success,"GURNEE TRUCK STOP, Gurnee, IL, USA"
6661,TA FRANKLIN TRAVEL CENTER,"I-65, EXIT 61",Franklin,TN,460,3.839,35.925206,-86.8689419,success,"TA FRANKLIN TRAVEL CENTER, Franklin, TN, USA"
6663,TA of Mocksville,"I-40, EXIT 170 & US-601",Mocksville,NC,46,3.699,35.8940236,-80.5617846,success,"TA of Mocksville, Mocksville, NC, USA"
6677,ROADWAY TRAVEL CENTER,"I-29, EXIT 73",Sioux Falls,SD,530,3.199,43.5476008,-96.7293629,success,"ROADWAY TRAVEL CENTER, Sioux Falls, SD, USA"
6693,SAPP BROS TRAVEL CENTER,US-77,Fremont,NE,486,3.34566666,41.471377,-96.4959708,success,"SAPP BROS TRAVEL CENTER, Fremont, NE, USA"
6701,JACKS TRUCK STOP,"I-65, EXIT 304 & SR-69",Cullman,AL,615,3.999,34.1748408,-86.8435802,success,"JACKS TRUCK STOP, Cullman, AL, USA"
6704,FL Roberts,"I-91, EXIT 24",Whately,MA,100,3.559,42.4399249,-72.6349083,success,"FL Roberts, Whately, MA, USA"
6716,MARATHON,"I-29/US-81, EXIT 65 & I-94 BUS/US-10",Fargo,ND,341,3.449,46.8665036,-96.861168,success,"MARATHON, Fargo, ND, USA"
6721,STAMART 1222,"I-29, EXIT 64",Fargo,ND,341,3.38566666,46.877229,-96.789821,success,"STAMART 1222, Fargo, ND, USA"
6725,TA EXPRESS GRAND FORKS #948,"I-29, EXIT 141 & US-2",Grand Forks,ND,355,3.539,47.9252104,-97.0306325,success,"TA EXPRESS GRAND FORKS #948, Grand Forks, ND, USA"
6734,TOMAHAWK TRUCK STOP,"I-25, EXIT 128",Fountain,CO,803,3.299,38.682219,-104.7008056,success,"TOMAHAWK TRUCK STOP, Fountain, CO, USA"
6736,EAGLEVILLE TRAVEL CENTER,"I-35 & ROUTE N, EXIT 106",Eagleville,MO,320,2.93566666,40.4691664,-93.9871736,success,"EAGLEVILLE TRAVEL CENTER, Eagleville, MO, USA"
6742,Holiday #3810,"I-94/US-52, EXIT 178 & SR-24",Clearwater,MN,453,3.22066666,45.4135549,-94.0563889,success,"Holiday #3810, Clearwater, MN, USA"
6744,FLYING J #550,US-2/US-52,Minot,ND,273,3.93566666,48.2241119,-101.3507008,success,"FLYING J #550, Minot, ND, USA"
6745,TIGER TRUCK STOP,"I-10, EXIT 139",Grosse Tete,LA,600,3.059,30.4169167,-91.4359014,success,"TIGER TRUCK STOP, Grosse Tete, LA, USA"
6755,PETRO STOPPING CENTER #326,"I-40, EXIT 161 & SR-391",North Little Rock,AR,695,3.20733333,34.769536,-92.2670941,success,"PETRO STOPPING CENTER #326, North Little Rock, AR, USA"
6760,BETTY BEAVERS TRUCKSTOP,"I-87, EXIT 32",Lewis,NY,12,3.719,40.980891,-75.628703,success,"BETTY BEAVERS TRUCKSTOP, I-87, EXIT 32, Lewis, NY, USA"
6765,CIRCLE C TRAVEL PLAZA,"I-95, EXIT 68 & SR-61",Walterboro,SC,195,3.079,32.9021377,-80.6672631,success,"CIRCLE C TRAVEL PLAZA, Walterboro, SC, USA"
6806,Onvo Travel Plaza,"I-78/US-22, EXIT 45 & SR-863",Kutztown,PA,90,3.32733333,40.5812506,-75.707165,success,"Onvo Travel Plaza, Kutztown, PA, USA"
6810,TA RICHMOND,"I-95, EXIT 89 & SR-802",Ashland,VA,180,3.60566666,37.7594012,-77.4806603,success,"TA RICHMOND, Ashland, VA, USA"
6811,PUMP & PANTRY #24,US-6/CR-74,Hastings,NE,330,3.399,40.5861322,-98.3898883,success,"PUMP & PANTRY #24, Hastings, NE, USA"
6823,PETRO STOPPING CENTER #301,"I-10, EXIT 37",El Paso,TX,640,3.124,31.7601001,-106.4870476,success,"PETRO STOPPING CENTER #301, El Paso, TX, USA"
6840,PETRO DEMING,"I-10, EXIT 68",Deming,NM,640,3.38566666,32.2719247,-107.754319,success,"PETRO DEMING, Deming, NM, USA"
6842,FLYNNS TRUCK PLAZA,"US-20, EXIT 11 & SR-140",Shrewsbury,MA,175,3.61566666,42.2960187,-71.71351,success,"FLYNNS TRUCK PLAZA, Shrewsbury, MA, USA"
6845,NEBRASKALAND TIRE SHOP,"I-80, EXIT 237 & US-283",Lexington,NE,330,2.999,40.7788486,-99.7414869,success,"NEBRASKALAND TIRE SHOP, Lexington, NE, USA"
6850,BROKEN WHEEL TRUCK STOP,"I-25, EXIT 135",Douglas,WY,790,3.759,42.7595708,-105.382624,success,"BROKEN WHEEL TRUCK STOP, Douglas, WY, USA"
6857,TA SPARKS TRAVEL CENTER,"I-80, EXIT 19 & SR-659",Sparks,NV,966,3.899,39.5347691,-119.7552534,success,"TA SPARKS TRAVEL CENTER, Sparks, NV, USA"
6859,PRIME STOP,US-81,Norfolk,NE,470,3.229,42.0283379,-97.4169964,success,"PRIME STOP, Norfolk, NE, USA"
6864,JJS TRUCK STOP,"I-30, EXIT 106",Malvern,AR,695,3.31566666,34.3625823,-92.8092694,success,"JJS TRUCK STOP, Malvern, AR, USA"
6869,TA WHEELING TRAVEL CENTER,"I-70, EXIT 11 & CR-41",Valley Grove,WV,165,3.529,40.0875732,-80.5703508,success,"TA WHEELING TRAVEL CENTER, Valley Grove, WV, USA"
6883,PILOT TRAVEL CENTERS #517,US- 22 & SR-322,Duncannon,PA,70,4.199,40.3931433,-77.0325751,success,"PILOT TRAVEL CENTERS #517, Duncannon, PA, USA"
6885,GO MART FOOD STORE #31,"I-77, EXIT 95 & SR-61",Charleston,WV,44,3.499,38.3505995,-81.6332812,success,"GO MART FOOD STORE #31, Charleston, WV, USA"
6886,PWI #535,"I-70, EXIT 47",Palisade,CO,800,3.379,39.1102587,-108.350919,success,"PWI #535, Palisade, CO, USA"
6897,Speedee Mart #2890,US-20 & US-83,Valentine,NE,475,3.329,42.8746752,-100.5506158,success,"Speedee Mart #2890, Valentine, NE, USA"
6901,PRIME STOP,US-275,Wisner,NE,470,3.259,41.9914879,-96.9233253,success,"PRIME STOP, Wisner, NE, USA"
6915,FLITE LINE SUNOCO,"I-95, EXIT 3",Portsmouth,NH,34,3.69566666,43.0751306,-70.7601826,success,"FLITE LINE SUNOCO, Portsmouth, NH, USA"
6927,TORCH 85 TRUCK PLAZA,"I-85, EXIT 42",Tuskegee,AL,720,3.27233333,32.4240535,-85.6908715,success,"TORCH 85 TRUCK PLAZA, Tuskegee, AL, USA"
6944,CROSSROADS TRUCK STOP,"I-82, EXIT 1 & US-730",Umatilla,OR,982,3.239,45.9179173,-119.324435,success,"CROSSROADS TRUCK STOP, Umatilla, OR, USA"
6948,PILOT #4563,"I-8I, EXIT 77",Harrisburg,PA,70,3.869,40.2663107,-76.8861122,success,"PILOT #4563, Harrisburg, PA, USA"
6951,ARROWHEAD TRAVEL PLAZA,"I-84, EXIT 216 & SR 331,",Pendleton,OR,982,3.259,45.6427831,-118.6822732,success,"ARROWHEAD TRAVEL PLAZA, Pendleton, OR, USA"
6954,BOLLA MARKET #198,SR-17MAHWA,Mahwah,NJ,115,3.58566666,41.0960663,-74.1579431,success,"BOLLA MARKET #198, Mahwah, NJ, USA"
6960,FLYING J TRAVEL PLAZA #761,"I-80 & US-189, EXIT 3",Evanston,WY,835,3.699,41.2682462,-110.963758,success,"FLYING J TRAVEL PLAZA #761, Evanston, WY, USA"
6961,LITTLE AMERICA,"I-80, EXIT 358 & I-25, EXIT 9 & US-30",Cheyenne,WY,795,3.709,41.5443686,-109.8581261,success,"LITTLE AMERICA, Cheyenne, WY, USA"
6962,LITTLE AMERICA TRAVEL CENTER,"I-80, EXIT 68 & SR-374",Little America,WY,835,3.52566666,41.5443686,-109.8581261,success,"LITTLE AMERICA TRAVEL CENTER, Little America, WY, USA"
6963,Atlantis Fresh Market #553,"I-84, EXIT 1",Montague,NJ,120,3.509,40.001319,-86.107611,success,"Atlantis Fresh Market #553, Montague, NJ, USA"
6968,R STORE #4513,US-41,Fond Du Lac,WI,360,3.299,43.7748763,-88.4458033,success,"R STORE #4513, Fond Du Lac, WI, USA"
6970,TA Twin City East Travel Center,I-94  EXIT 4 & US-12,Hudson,WI,450,3.54733333,44.9750953,-92.7554671,success,"TA Twin City East Travel Center, Hudson, WI, USA"
6971,KWIK TRIP #1013,"I-41, EXIT 57 & SR-167",Richfield,WI,444,3.39066666,43.251541,-88.184731,success,"KWIK TRIP #1013, Richfield, WI, USA"
6975,TRUCKERS INN STOP,"I-90/I-94, EXIT 132 & US-51",De Forest,WI,420,3.199,33.6634087,-95.2613952,success,"TRUCKERS INN STOP, De Forest, WI, USA"
6976,MOASIS TRUCK CENTER,US-41,Little Chute,WI,444,3.199,44.2799872,-88.3184394,success,"MOASIS TRUCK CENTER, Little Chute, WI, USA"
6980,TA MADISON TRAVEL CENTER,"I-90/I-94/I-39, EXIT 132 & US-51",De Forest,WI,420,3.839,44.169873,-93.925071,success,"TA MADISON TRAVEL CENTER, De Forest, WI, USA"
6981,Kwik Trip #1197,"US-151, EXIT 26",Belmont,WI,335,3.564,42.7456907,-90.3412472,success,"Kwik Trip #1197, Belmont, WI, USA"
6984,TA HURRICANE TRAVEL CENTER,"I-64, EXIT 39 & SR-34",Hurricane,WV,255,3.63233333,38.4325896,-82.0201368,success,"TA HURRICANE TRAVEL CENTER, Hurricane, WV, USA"
6986,LOVES TRAVEL STOP #448,"I-5, EXIT 136B, SR-509",Tacoma,WA,977,4.589,47.245148,-122.384518,success,"LOVES TRAVEL STOP #448, Tacoma, WA, USA"
6987,One9 #965,"I-90, EXIT 109 & US-97",Ellensburg,WA,977,3.859,46.9970635,-120.545122,success,"One9 #965, Ellensburg, WA, USA"
6992,FLYING J #1169,"I-5, EXIT 99",Tumwater,WA,977,4.599,46.9518175,-122.9406853,success,"FLYING J #1169, Tumwater, WA, USA"
6994,FLYING J FRANCHISE #967,"I-90, EXIT 286",Spokane,WA,970,4.059,47.6206047,-117.5069288,success,"FLYING J FRANCHISE #967, Spokane, WA, USA"
6999,SIMMONS TRAVEL CENTER,"I-85, EXIT 4 & SR-93/SR-903",Bracey,VA,180,3.099,36.5996463,-78.1508589,success,"SIMMONS TRAVEL CENTER, Bracey, VA, USA"
7003,TA ASHLAND TRAVEL CENTER,"I-95, EXIT 92 & SR-54",Ashland,VA,180,3.64233333,37.7594012,-77.4806603,success,"TA ASHLAND TRAVEL CENTER, Ashland, VA, USA"
7004,FRANKS TRUCKING CENTER,"I-264, EXIT 13B",Chesapeake,VA,130,3.449,36.7168315,-76.2494453,success,"FRANKS TRUCKING CENTER, Chesapeake, VA, USA"
7005,PETRO STOPPING CENTER,"I-81 & I-64, EXIT 205",Raphine,VA,185,3.659,37.9373548,-79.2328102,success,"PETRO STOPPING CENTER, Raphine, VA, USA"
7007,KUM & GO #0201,"I-80, EXIT 242",Coralville,IA,380,3.294,41.6813016,-91.5662198,success,"KUM & GO #0201, Coralville, IA, USA"
7013,ERNIES TRUCK PLAZA,"I-15, EXIT 112",Beaver,UT,910,3.399,38.288203,-112.6418267,success,"ERNIES TRUCK PLAZA, Beaver, UT, USA"
7016,TA SALT LAKE CITY TRAVEL CENTER,"I-80, EXIT 99",Tooele,UT,835,3.769,40.5307776,-112.29828,success,"TA SALT LAKE CITY TRAVEL CENTER, Tooele, UT, USA"
7018,FLYING J TRAVEL PLAZA #746,"I-15 & I-80 SR 201, EXIT 305",Salt Lake City,UT,835,3.73233333,40.7596198,-111.886797,success,"FLYING J TRAVEL PLAZA #746, Salt Lake City, UT, USA"
7023,TA AMARILLO WEST TRAVEL CENTER,"I-40, EXIT 74",Amarillo,TX,585,3.279,35.20729,-101.8371192,success,"TA AMARILLO WEST TRAVEL CENTER, Amarillo, TX, USA"
7037,SAMS TRUCK STOP,"I-10, EXIT 138",Van Horn,TX,640,3.999,31.0347213,-104.8565327,success,"SAMS TRUCK STOP, Van Horn, TX, USA"
7045,BUBBLE CITY TRUCK STOP,US-64,Farmington,NM,614,3.70566666,36.7188167,-108.168031,success,"BUBBLE CITY TRUCK STOP, Farmington, NM, USA"
7051,PILOT #887,US-84 & US-180,Snyder,TX,575,3.24566666,32.7052212,-100.8656327,success,"PILOT #887, Snyder, TX, USA"
7056,TA SWEETWATER TRAVEL CENTER,"I-20, EXIT 242",Sweetwater,TX,575,3.15233333,32.4709519,-100.405938,success,"TA SWEETWATER TRAVEL CENTER, Sweetwater, TX, USA"
7058,YESWAY #1125,"I-27, EXIT 1C",Lubbock,TX,700,2.969,33.5518336,-101.8348922,success,"YESWAY #1125, Lubbock, TX, USA"
7059,TA BIG SPRING TRAVEL CENTER,"I-20, EXIT 177 & US-87",Big Spring,TX,612,3.699,32.219693,-101.505987,success,"TA BIG SPRING TRAVEL CENTER, Big Spring, TX, USA"
7064,SPEEDWAY #9804,"I-10, EXIT 25",El Paso,TX,640,3.41566666,31.7535948,-106.3455238,success,"SPEEDWAY #9804, El Paso, TX, USA"
7066,REFUEL #328,"I-35,  EXIT 204",San Marcos,TX,595,2.999,29.8826436,-97.9405828,success,"REFUEL #328, San Marcos, TX, USA"
7072,TA ANTIOCH TRAVEL CENTER,"I-24, EXIT 62",Antioch,TN,460,3.50566666,44.169873,-93.925071,success,"TA ANTIOCH TRAVEL CENTER, Antioch, TN, USA"
7077,THE TENNESSEAN TRUCKSTOP,"I-65, EXIT 22 & US-31 ALT/SR-11",Cornersville,TN,460,3.799,35.3614649,-86.8397237,success,"THE TENNESSEAN TRUCKSTOP, Cornersville, TN, USA"
7078,TA DENMARK TRAVEL CENTER,"I-40 & SR-138, EXIT 68",Denmark,TN,435,3.539,35.5328546,-89.003952,success,"TA DENMARK TRAVEL CENTER, Denmark, TN, USA"
7080,ONE9 #1422,"I-40, EXIT 197",Moriarty,NM,580,3.11566666,33.1788343,-87.4470123,success,"ONE9 #1422, Moriarty, NM, USA"
7082,Chevron,"I-65, EXIT 6",Ardmore,TN,460,3.599,35.0110761,-86.8775269,success,"Chevron, Ardmore, TN, USA"
7084,Holiday StationStore #2746500,US-12 & US-281,Aberdeen,SD,248,3.114,45.4649805,-98.487813,success,"Holiday StationStore #2746500, Aberdeen, SD, USA"
7087,PILOT #599,"I-90, EXIT 192 & I-90 BUS/US-83",Murdo,SD,506,3.799,43.8857252,-100.7048574,success,"PILOT #599, Murdo, SD, USA"
7088,FLYING J FRANCHISE #931,"I-90, EXIT 61",Rapid City,SD,506,3.15733333,44.0806041,-103.228023,success,"FLYING J FRANCHISE #931, Rapid City, SD, USA"
7092,LOVES TRAVEL STOP #445,I-90 EXIT 399 & SR 115,Sioux Falls,SD,530,3.889,43.603926,-96.713757,success,"LOVES TRAVEL STOP #445, Sioux Falls, SD, USA"
7095,TA MANNING TRAVEL CENTER,"I-95, EXIT 119",Manning,SC,135,3.51733333,33.6952318,-80.2107811,success,"TA MANNING TRAVEL CENTER, Manning, SC, USA"
7106,PILOT DEALER #1163,"I-80, EXIT 42",Emlenton,PA,165,4.03566666,41.1771825,-79.7099076,success,"PILOT DEALER #1163, Emlenton, PA, USA"
7112,TA HARRISBURG TRAVEL CENTER,"I-81, EXIT 77 & SR-39",Harrisburg,PA,70,3.81566666,40.2663107,-76.8861122,success,"TA HARRISBURG TRAVEL CENTER, Harrisburg, PA, USA"
7116,TA MILESBURG TRAVEL CENTER,"I-80, EXIT 158",Milesburg,PA,14,4.049,40.9417272,-77.7850022,success,"TA MILESBURG TRAVEL CENTER, Milesburg, PA, USA"
7121,TA BLOOMSBURG TRAVEL CENTER,"I-80, EXIT 232",Bloomsburg,PA,138,3.95733333,41.0044958,-76.4537302,success,"TA BLOOMSBURG TRAVEL CENTER, Bloomsburg, PA, USA"
7126,SAPP BROS TRAVEL CENTER,"I-80, EXIT 120",Clearfield,PA,14,3.899,41.041846,-78.393394,success,"SAPP BROS TRAVEL CENTER, Clearfield, PA, USA"
7128,FLYING J #518,"I-78, EXIT 10 (PA 645)",Myerstown,PA,208,3.869,40.4633908,-76.3399762,success,"FLYING J #518, Myerstown, PA, USA"
7129,TA BROOKVILLE TRAVEL CENTER,"I-80 EXIT 78, & SR-36",Brookville,PA,14,4.029,41.1604348,-79.0794702,success,"TA BROOKVILLE TRAVEL CENTER, Brookville, PA, USA"
7131,TA BREEZEWOOD TRAVEL CENTER,"I-76 & US30, EXIT 161",Breezewood,PA,14,4.299,39.9990119,-78.2404221,success,"TA BREEZEWOOD TRAVEL CENTER, Breezewood, PA, USA"
7132,Terrible Herbst dba/One9 #1395,"I-15, EXIT 12",Jean,NV,910,3.459,35.7788568,-115.3243823,success,"Terrible Herbst dba/One9 #1395, Jean, NV, USA"
7135,PETRO STOPPING CENTER #336,"I-81, EXIT 52 & I-76, EXIT 226",Carlisle,PA,70,4.149,40.201499,-77.1890783,success,"PETRO STOPPING CENTER #336, Carlisle, PA, USA"
7136,TA LAMAR TRAVEL CENTER,"I-80, EXIT 173 & SR-64",Lamar,PA,14,4.03566666,41.0161767,-77.5311034,success,"TA LAMAR TRAVEL CENTER, Lamar, PA, USA"
7137,TA BARKEYVILLE TRAVEL CENTER,"I-80, EXIT 29 & SR-8",Harrisville,PA,165,4.044,41.1367335,-80.0092442,success,"TA BARKEYVILLE TRAVEL CENTER, Harrisville, PA, USA"
7147,JUBITZ TRAVEL PLAZA,"I-5, EXIT 307",Portland,OR,935,3.859,45.5202471,-122.674194,success,"JUBITZ TRAVEL PLAZA, Portland, OR, USA"
7148,TA TROUTDALE TRAVEL CENTER,"I-84, EXIT 17",Troutdale,OR,935,3.93233333,45.5392862,-122.3873133,success,"TA TROUTDALE TRAVEL CENTER, Troutdale, OR, USA"
7154,TA OKLAHOMA CITY WEST TRAVEL CENTER,"I-40, EXIT 140",Oklahoma City,OK,483,3.30233333,35.4729886,-97.5170536,success,"TA OKLAHOMA CITY WEST TRAVEL CENTER, Oklahoma City, OK, USA"
7156,TA OKLAHOMA CITY EAST TRAVEL CENTER,"I-40, EXIT 142",Oklahoma City,OK,483,3.30066666,35.467402,-97.517758,success,"TA OKLAHOMA CITY EAST TRAVEL CENTER, Oklahoma City, OK, USA"
7166,TA London Travel Center,"I-70 & US-42, EXIT 79",London,OH,315,3.49233333,39.8864493,-83.448253,success,"TA London Travel Center, London, OH, USA"
7169,TA YOUNGSTOWN TRAVEL CENTER,"I-80 & SR 46, EXIT 223",Youngstown,OH,573,3.444,41.1035786,-80.6520161,success,"TA YOUNGSTOWN TRAVEL CENTER, Youngstown, OH, USA"
7170,TRUCK WORLD TRUCKSTOP,"I-80, EXIT 234",Hubbard,OH,573,3.259,41.178093,-80.565955,success,"TRUCK WORLD TRUCKSTOP, Hubbard, OH, USA"
7172,TA TOLEDO EAST TRAVEL CENTER,"I-80 & I-280, EXIT 71",Perrysburg,OH,550,3.78066666,41.5571178,-83.6279321,success,"TA TOLEDO EAST TRAVEL CENTER, Perrysburg, OH, USA"
7173,SPEEDWAY #9954,"SR-17, EXIT 66",Apalachin,NY,32,3.999,42.0595447,-76.1414075,success,"SPEEDWAY #9954, Apalachin, NY, USA"
7176,TA DAYTON TRAVEL CENTER,"I-70,  EXIT 10 & US-127",Eaton,OH,317,3.40066666,39.7439398,-84.6364891,success,"TA DAYTON TRAVEL CENTER, Eaton, OH, USA"
7179,JIMS TRUCK PLAZA,"I-90, EXIT 52E",Buffalo,NY,38,3.799,42.9071465,-78.7583931,success,"JIMS TRUCK PLAZA, Buffalo, NY, USA"
7180,TA HebronTravel Center,"I-70, EXIT 126 & SR-37",Hebron,OH,315,3.38233333,39.9617305,-82.4912676,success,"TA HebronTravel Center, Hebron, OH, USA"
7183,TA KINGSVILLE TRAVEL CENTER,"I-90, EXIT 235 & SR-193",Kingsville,OH,305,3.88233333,41.890774,-80.6766179,success,"TA KINGSVILLE TRAVEL CENTER, Kingsville, OH, USA"
7184,TA JEFFERSONVILLE EAST TRAVEL CENTER,"I-71, EXIT 65 & SR-435 & US-35",Jeffersonville,OH,315,3.32733333,39.6536719,-83.5638094,success,"TA JEFFERSONVILLE EAST TRAVEL CENTER, Jeffersonville, OH, USA"
7189,S and R Truck Plaza,"I-94, EXIT 260",Jamestown,ND,390,3.58566666,46.8932061,-98.6817111,success,"S and R Truck Plaza, Jamestown, ND, USA"
7190,Tower Travel Center,"I-94, EXIT 307",Tower City,ND,341,3.51566666,46.922755,-97.673989,success,"Tower Travel Center, Tower City, ND, USA"
7196,SALUDA TRUCK PLAZA,"I-26, EXIT 28",Saluda,NC,210,3.099,35.2452796,-82.3299573,success,"SALUDA TRUCK PLAZA, Saluda, NC, USA"
7197,7-ELEVEN #35115,"I-90, EXIT 42",Phelps,NY,190,4.049,42.9510527,-76.9762473,success,"7-ELEVEN #35115, Phelps, NY, USA"
7198,LOVES TRAVEL STOP #507,"I-85, EXIT 71",Salisbury,NC,46,3.51066666,35.608683,-80.517676,success,"LOVES TRAVEL STOP #507, Salisbury, NC, USA"
7212,ONVO TRAVEL PLAZA,"I-90 & RTE 22, EXIT B-3",Canaan,NY,12,3.439,42.4118426,-73.4496088,success,"ONVO TRAVEL PLAZA, Canaan, NY, USA"
7213,SENECA ONE STOP,"I-90, EXIT 58",Irving,NY,38,2.899,42.5675589,-79.1128169,success,"SENECA ONE STOP, Irving, NY, USA"
7215,TA FULTONVILLE TRAVEL CENTER,"I-90, EXIT 28",Fultonville,NY,12,4.039,42.9478324,-74.3701925,success,"TA FULTONVILLE TRAVEL CENTER, Fultonville, NY, USA"
7216,ONVO TRAVEL PLAZA - LOUNSBERRY,"SR-17, EXIT 63",Nichols,NY,220,3.399,38.723655,-104.729759,success,"ONVO TRAVEL PLAZA - LOUNSBERRY, Nichols, NY, USA"
7220,CUMBERLAND FARMS #001662,US-9W/SR-32,Glenmont,NY,12,3.799,42.6208786,-73.7767761,success,"CUMBERLAND FARMS #001662, Glenmont, NY, USA"
7222,TA SANTA ROSA TRAVEL CENTER,"I-40/US-54, EXIT 277 & US-84",Santa Rosa,NM,580,3.45233333,34.941414,-104.684138,success,"TA SANTA ROSA TRAVEL CENTER, I-40/US-54, EXIT 277 & US-84, Santa Rosa, NM, USA"
7225,LOVES TRAVEL STOP #329,US-60,Clovis,NM,593,4.089,34.395076,-103.144391,success,"LOVES TRAVEL STOP #329, Clovis, NM, USA"
7226,TA LAS CRUCES TRAVEL CENTER,"I-10, EXIT 139",Las Cruces,NM,640,3.14066666,32.3054607,-106.7810658,success,"TA LAS CRUCES TRAVEL CENTER, Las Cruces, NM, USA"
7227,NATIONAL TRUCK STOP,"I-10, VADO EXIT 155",Vado,NM,640,2.999,35.193925,-101.706057,success,"NATIONAL TRUCK STOP, Vado, NM, USA"
7228,MAVERIK COUNTRY STORE #638,"I-40, EXIT 159D & I-25/US-85, EXIT 227",Albuquerque,NM,580,3.20733333,35.0841034,-106.650985,success,"MAVERIK COUNTRY STORE #638, Albuquerque, NM, USA"
7229,TA GALLUP TRAVEL CENTER,"I-40, EXIT 16 & HWY 66",Gallup,NM,580,3.43233333,35.5283506,-108.743907,success,"TA GALLUP TRAVEL CENTER, Gallup, NM, USA"
7230,DEMING TRUCK STOP,"I-10, EXIT 81",Deming,NM,640,2.899,32.2627416,-107.7581979,success,"DEMING TRUCK STOP, Deming, NM, USA"
7231,TA ALBUQUERQUE TRAVEL CENTER,"I-25, EXIT 227 OR 225",Albuquerque,NM,580,3.58733333,35.0841034,-106.650985,success,"TA ALBUQUERQUE TRAVEL CENTER, Albuquerque, NM, USA"
7234,TA BLOOMSBURY TRAVEL CENTER,"I-78/US-22, EXIT 7 & SR-173",Bloomsbury,NJ,115,3.79066666,40.6539892,-75.0865619,success,"TA BLOOMSBURY TRAVEL CENTER, Bloomsbury, NJ, USA"
7237,TA COLUMBIA TRAVEL CENTER,"I-80, EXIT 4 & SR-94",Columbia,NJ,115,4.099,40.9262077,-75.0926763,success,"TA COLUMBIA TRAVEL CENTER, Columbia, NJ, USA"
7239,TA PAULSBORO TRAVELCENTER,"I-295, EXIT 18A",Paulsboro,NJ,150,3.999,39.830391,-75.2404608,success,"TA PAULSBORO TRAVELCENTER, Paulsboro, NJ, USA"
7240,Pilot Travel Centers #190,"I-78, EXIT 12 & US-22",Hampton,NJ,105,3.809,40.7070446,-74.9560032,success,"Pilot Travel Centers #190, Hampton, NJ, USA"
7244,TA LAS VEGAS TRAVEL CENTER,"I-15, EXIT 33",Las Vegas,NV,910,3.73566666,36.1674263,-115.1484131,success,"TA LAS VEGAS TRAVEL CENTER, Las Vegas, NV, USA"
7248,WILD WILD WEST TRAVEL PLAZA,"I-15, EXIT 37",Las Vegas,NV,910,3.76733333,36.1674263,-115.1484131,success,"WILD WILD WEST TRAVEL PLAZA, Las Vegas, NV, USA"
7263,FLYING J #904,"I-80, EXIT 107",Big Springs,NE,475,3.48233333,41.051811,-102.068852,success,"FLYING J #904, Big Springs, NE, USA"
7264,TA GRAND ISLAND WEST TRAVEL CENTER,"I-80, EXIT 305",Alda,NE,330,3.169,40.8701915,-98.4674217,success,"TA GRAND ISLAND WEST TRAVEL CENTER, Alda, NE, USA"
7265,Fast Stop Travel Centers #1151,"I-80, EXIT 164 & CR-56C",Hershey,NE,475,3.499,41.1586455,-101.0023673,success,"Fast Stop Travel Centers #1151, Hershey, NE, USA"
7267,TA OGALLALA TRAVEL CENTER,"I-80, EXIT 126",Ogallala,NE,475,3.46566666,41.1248328,-101.7189583,success,"TA OGALLALA TRAVEL CENTER, Ogallala, NE, USA"
7268,SAPP BROS TRAVEL CENTER,"I-80, EXIT 440 & SR-50, EXIT 440",Omaha,NE,486,3.28066666,41.1607,-96.142902,success,"SAPP BROS TRAVEL CENTER, Omaha, NE, USA"
7269,GRAND ISLAND TRAVEL CENTER,"I-80, EXIT 312 & US-281/US-34",Grand Island,NE,330,3.26566666,40.9229768,-98.3870965,success,"GRAND ISLAND TRAVEL CENTER, Grand Island, NE, USA"
7282,ALLTOWN FRESH,"I-87, EXIT 17N & US-9",Fort Edward,NY,12,3.759,43.252136,-73.669047,success,"ALLTOWN FRESH, Fort Edward, NY, USA"
7284,MURALTS TRUCK PLAZA,"I-90, EXIT 96 & US-93/SR-200",Missoula,MT,820,3.609,46.9547222,-114.1300605,success,"MURALTS TRUCK PLAZA, Missoula, MT, USA"
7285,SENECA ONE STOP,"SR-17, EXIT 20",Salamanca,NY,38,3.309,42.1588858,-78.7450407,success,"SENECA ONE STOP, Salamanca, NY, USA"
7286,TA MISSOULA,"I-90, EXIT 96 & US-93",Missoula,MT,820,3.699,46.84279,-114.06179,success,"TA MISSOULA, Missoula, MT, USA"
7288,TA LAUREL,"I-90, EXIT 437",Laurel,MT,780,3.61233333,45.6691159,-108.771532,success,"TA LAUREL, Laurel, MT, USA"
7289,TA STRAFFORD,"I-44, EXIT 88 & SR-125",Strafford,MO,535,3.36566666,37.2683803,-93.1171264,success,"TA STRAFFORD, Strafford, MO, USA"
7291,TA OAK GROVE TRAVEL CENTER,"I-70, EXIT 28",Oak Grove,MO,400,3.22233333,39.0048397,-94.1291914,success,"TA OAK GROVE TRAVEL CENTER, Oak Grove, MO, USA"
7293,TA Matthews Travel Center,"I-55, EXIT 58 & SR-80",Matthews,MO,574,3.20566666,36.758329,-89.534583,success,"TA Matthews Travel Center, Matthews, MO, USA"
7299,GASPERS - FAST LANE,"I-70, EXIT 148 & US-54",Kingdom City,MO,392,2.959,37.334817,-89.692164,success,"GASPERS - FAST LANE, Kingdom City, MO, USA"
7300,B AND D AUTO TRUCK PLAZA,"I-44, EXIT 127",Lebanon,MO,416,3.099,37.6806669,-92.6637835,success,"B AND D AUTO TRUCK PLAZA, Lebanon, MO, USA"
7310,AAA HOSPITALITY,"I-55, EXIT 220",Tillatoba,MS,435,2.784,33.985088,-89.8960337,success,"AAA HOSPITALITY, Tillatoba, MS, USA"
7312,208 FUEL PLAZA,"I-70, EXIT 208",Belmont,OH,430,3.419,40.0292374,-81.0389883,success,"208 FUEL PLAZA, Belmont, OH, USA"
7314,TA MERIDIAN TRAVEL CENTER,"I-20 & I-59, EXIT 160",Meridian,MS,705,2.91233333,32.3643098,-88.703656,success,"TA MERIDIAN TRAVEL CENTER, Meridian, MS, USA"
7323,TRUCKERS INN,"I-94/US-52, EXIT 127 & US-71",Sauk Centre,MN,453,3.22566666,45.7377454,-94.9523889,success,"TRUCKERS INN, Sauk Centre, MN, USA"
7326,PETRO STOP #398,"I-35 & I-90, EXIT 11",Albert Lea,MN,515,4.099,43.6480127,-93.3682656,success,"PETRO STOP #398, Albert Lea, MN, USA"
7327,TA TEKONSHA,"I-69,EXIT 25 & SR-60",Tekonsha,MI,385,3.599,42.1068882,-84.9890984,success,"TA TEKONSHA, Tekonsha, MI, USA"
7331,SPEEDWAY #9266,US-52 & SR-234,Ironton,OH,255,3.699,38.5263331,-82.6661192,success,"SPEEDWAY #9266, Ironton, OH, USA"
7332,FLYING J #895,"I-75, EXIT 32A",Trenton,MI,325,3.559,42.1367826,-83.2400796,success,"FLYING J #895, Trenton, MI, USA"
7335,TA SAWYER TRAVEL CENTER,"I-94, EXIT 12",Sawyer,MI,465,3.699,41.8853207,-86.5894666,success,"TA SAWYER TRAVEL CENTER, Sawyer, MI, USA"
7337,TA BATTLE CREEK,"I-94, EXIT 104",Battle Creek,MI,385,4.039,42.3192548,-85.1824269,success,"TA BATTLE CREEK, Battle Creek, MI, USA"
7341,INTERSTATE TRAVEL PLAZA,"I-495, EXIT 14A & US-1",Wrentham,MA,175,3.699,42.0667652,-71.3281114,success,"INTERSTATE TRAVEL PLAZA, Wrentham, MA, USA"
7344,BEST QUICK STOP,US-1,Peabody,MA,178,3.61566666,42.5349142,-70.9892894,success,"BEST QUICK STOP, Peabody, MA, USA"
7353,DYSARTS SERVICE,"I-95, EXIT 44",Bangor,ME,26,3.799,44.8016255,-68.7713289,success,"DYSARTS SERVICE, Bangor, ME, USA"
7354,CIRCLE K #4707065,"I-95, EXIT 2",Kittery,ME,125,3.899,43.0994811,-70.7478912,success,"CIRCLE K #4707065, Kittery, ME, USA"
7357,TA SLIDELL TRAVEL CENTER,"I-10, EXIT 266 & US-190",Slidell,LA,725,3.154,30.2751945,-89.7811745,success,"TA SLIDELL TRAVEL CENTER, Slidell, LA, USA"
7360,KINGS TRUCK STOP,ST 103,Port Barre,LA,600,3.189,30.5601953,-91.9540055,success,"KINGS TRUCK STOP, Port Barre, LA, USA"
7364,Petro Stopping Center,"I-80, EXIT 226",Girard,OH,573,3.45233333,41.1540381,-80.7009406,success,"Petro Stopping Center, Girard, OH, USA"
7370,TA SMITHS GROVE,"I-65, EXIT 38 & SR-101",Smiths Grove,KY,415,3.43233333,37.0608933,-86.2099497,success,"TA SMITHS GROVE, Smiths Grove, KY, USA"
7371,One9 #392,"I-65, EXIT 81 & SR-84",Sonora,KY,415,3.19566666,37.5219813,-85.8822443,success,"One9 #392, Sonora, KY, USA"
7372,TA WALTON #28,"I-75/I-71, EXIT 175 & SR-338",Walton,KY,300,3.00233333,38.8756194,-84.6102213,success,"TA WALTON #28, Walton, KY, USA"
7379,KEYSTOP TRAVEL CENTER,"I-65, EXIT 2 & US-31W",Franklin,KY,460,2.899,36.722263,-86.5772177,success,"KEYSTOP TRAVEL CENTER, Franklin, KY, USA"
7382,TA FLORENCE TRAVEL CENTER,"I-75, EXIT 181",Florence,KY,300,3.07066666,38.9989499,-84.6266111,success,"TA FLORENCE TRAVEL CENTER, Florence, KY, USA"
7385,WAKEENEY 24 7 STORE #3,"I-70/US-40, EXIT 127 & US-283",Wakeeney,KS,525,3.09066666,39.0266105,-99.8830709,success,"WAKEENEY 24 7 STORE #3, Wakeeney, KS, USA"
7387,TA Oakley,"I-70, EXIT 76 & US-40/US-83",Oakley,KS,525,3.649,39.11861,-100.809898,success,"TA Oakley, Oakley, KS, USA"
7389,GO MART FOOD STORE #58,"I-77, EXIT 1 & SR-7",Marietta,OH,430,3.799,39.4167742,-81.4548392,success,"GO MART FOOD STORE #58, Marietta, OH, USA"
7396,7-ELEVEN #36180,US-20/SR-18,Monroeville,OH,550,3.614,41.247973,-82.6993654,success,"7-ELEVEN #36180, Monroeville, OH, USA"
7398,FLYING J #913,"I-80, EXIT 142 & US-65",Altoona,IA,320,3.35566666,41.6601743,-93.4997823,success,"FLYING J #913, Altoona, IA, USA"
7403,FUEL MART #714,"I-75, EXIT 168",North Baltimore,OH,550,3.11233333,41.1828302,-83.6782668,success,"FUEL MART #714, North Baltimore, OH, USA"
7406,PILOT TRAVEL CENTER #594,"I-29, EXIT 143",Sioux City,IA,527,3.60566666,42.4359269,-96.3725319,success,"PILOT TRAVEL CENTER #594, Sioux City, IA, USA"
7407,TA IOWA 80 TRAVEL PLAZA,"I-80, EXIT 284",Walcott,IA,270,3.90233333,41.5857364,-90.7744597,success,"TA IOWA 80 TRAVEL PLAZA, Walcott, IA, USA"
7408,FRIENDSHIP FOOD MART #99,US-224 & SR-61/SR-598,Willard,OH,249,3.63233333,41.0531134,-82.7262958,success,"FRIENDSHIP FOOD MART #99, Willard, OH, USA"
7410,PILOT TRAVEL CENTERS #373,"I-35 & I-80, EXIT 126",Urbandale,IA,320,3.35566666,41.6274511,-93.7380243,success,"PILOT TRAVEL CENTERS #373, Urbandale, IA, USA"
7412,PETRO STOPPING CENTER #374,"I-69, EXIT 245 & SR-28",Gaston,IN,457,3.53566666,,,not_found,"PETRO STOPPING CENTER #374, Gaston, IN, USA"
7416,GOOD TO GO #40,"I-65, EXIT 215 & SR-114",Rensselaer,IN,290,3.20066666,40.9367045,-87.1508562,success,"I-65, EXIT 215 & SR-114, Rensselaer, IN, USA"
7417,SKY CITGO,US-30 & SR-23,Grovertown,IN,365,3.499,41.3750434,-86.5047339,success,"SKY CITGO, Grovertown, IN, USA"
7418,JJS TRAVEL PLAZA,US-31 & US-24,Peru,IN,370,3.444,38.723655,-104.729759,success,"JJS TRAVEL PLAZA, Peru, IN, USA"
7421,MIDLAND #1901,"I-70, EXIT 137 AT MILE 137",Cambridge City,IN,375,3.43233333,39.8129285,-85.1708971,success,"MIDLAND #1901, Cambridge City, IN, USA"
7425,Petro Brazil,"I-70,  EXIT 23",Brazil,IN,375,3.989,39.523652,-87.1250154,success,"Petro Brazil, Brazil, IN, USA"
